block,keywords,sample_type,date,title_preview,center_cosine,center_margin
150,"[""shares"", ""inc"", ""nasdaq"", ""nyse"", ""llc""]",representative,2026-07-05,"Stephens Investment Management Group LLC Purchases 103,538 Shares of Rubrik, Inc. $RBRK。Stephens Investment Management Group LLC raised its position in Rubrik, Inc. (NYSE:RBRK - Free Report) by 17.4% during the first quarter, according to i…",0.9474043142897799,0.025558776417435425
150,"[""shares"", ""inc"", ""nasdaq"", ""nyse"", ""llc""]",representative,2024-09-15,"Prime Capital Investment Advisors LLC Has $12.17 Million Stock Holdings in NIKE, Inc. (NYSE:NKE) - The AM Reporter。Prime Capital Investment Advisors LLC decreased its stake in NIKE, Inc. (NYSE:NKE – Free Report) by 14.2% in the second quart…",0.9466759276643473,0.01088670529434943
150,"[""shares"", ""inc"", ""nasdaq"", ""nyse"", ""llc""]",representative,2024-08-12,"Intuit Inc. (NASDAQ:INTU) Shares Bought by MJP Associates Inc. ADV - Community Financial News。MJP Associates Inc. ADV lifted its stake in shares of Intuit Inc. (NASDAQ:INTU – Free Report) by 9.9% during the second quarter, according to the…",0.945879409583195,0.03137813831923686
150,"[""shares"", ""inc"", ""nasdaq"", ""nyse"", ""llc""]",representative,2022-07-05,"CVA Family Office LLC Has $190,000 Stock Holdings in Intuit Inc. (NASDAQ:INTU) - American Banking News。CVA Family Office LLC raised its holdings in Intuit Inc. (NASDAQ:INTU – Get Rating) by 8.2% during the first quarter, HoldingsChannel rep…",0.9443708848365115,0.040846371665577585
150,"[""shares"", ""inc"", ""nasdaq"", ""nyse"", ""llc""]",representative,2025-11-28,"Neuberger Berman Group LLC Sells 31,266 Shares of Intuit Inc. $INTU - Markets Daily。Neuberger Berman Group LLC reduced its stake in shares of Intuit Inc. (NASDAQ:INTU – Free Report) by 4.9% during the 2nd quarter, according to the company i…",0.9432106416943534,0.03400719998982005
150,"[""shares"", ""inc"", ""nasdaq"", ""nyse"", ""llc""]",random,2024-05-01,"Analysts Issue Forecasts for Alphabet Inc.’s Q2 2024 Earnings (NASDAQ:GOOG) - Markets Daily。Alphabet Inc. (NASDAQ:GOOG – Free Report) – Wedbush lifted their Q2 2024 EPS estimates for shares of Alphabet in a report issued on Thursday, April…",0.8842906824719828,0.015079085216583521
150,"[""shares"", ""inc"", ""nasdaq"", ""nyse"", ""llc""]",random,2024-05-30,United Services Automobile Association Purchases 784 Shares of Webster Financial Co. (NYSE:WBS) - Ticker Report。United Services Automobile Association grew its position in shares of Webster Financial Co. (NYSE:WBS – Free Report) by 6.4% in…,0.8905644558119288,0.019184067990525522
150,"[""shares"", ""inc"", ""nasdaq"", ""nyse"", ""llc""]",random,2023-02-05,"Selective Insurance Group (NASDAQ:SIGI) Releases Quarterly Earnings Results, Meets Expectations - WKRB News。Selective Insurance Group (NASDAQ:SIGI – Get Rating) announced its earnings results on Friday. The insurance provider reported $1.46…",0.8805846086119589,0.03570557929018903
150,"[""shares"", ""inc"", ""nasdaq"", ""nyse"", ""llc""]",random,2022-08-25,"Cambridge Trust Co. Has $26.28 Million Holdings in Verisk Analytics, Inc. (NASDAQ:VRSK) - Enterprise Leader。Cambridge Trust Co. grew its holdings in shares of Verisk Analytics, Inc. (NASDAQ:VRSK – Get Rating) by 31.2% during the first quart…",0.8952110421931869,0.03198159760463415
150,"[""shares"", ""inc"", ""nasdaq"", ""nyse"", ""llc""]",random,2022-12-24,Mandy Clements Buys 209 Shares of Personal Assets Trust plc (LON:PNL) Stock - Ticker Report。Personal Assets Trust plc (LON:PNL – Get Rating) insider Mandy Clements acquired 209 shares of Personal Assets Trust stock in a transaction on Wedne…,0.7921943821058357,0.015933790387725022
156,"[""israel"", ""gaza"", ""war"", ""israeli"", ""syria""]",representative,2024-12-01,UN halts aid shipments through Gaza's main crossing after looting. It blames the crisis on Israel。Kerem Shalom is the only crossing between Israel and Gaza that is designed for cargo shipments and has been the main artery for aid deliveries…,0.9213413576537617,0.2970220613270518
156,"[""israel"", ""gaza"", ""war"", ""israeli"", ""syria""]",representative,2024-08-06,"Ultra-Orthodox anti-draft protesters storm Israeli army base | Arab News。JERUSALEM: The United States said it was working ""around the clock"" to avert an all-out war in the Middle East, as Israel remained on high alert Tuesday for potential…",0.9185692486370624,0.20075316250490582
156,"[""israel"", ""gaza"", ""war"", ""israeli"", ""syria""]",representative,2026-01-23,Bahrain summit could bring 'binding measures' on Israel's Gaza invasion - TRT World。Arab leaders are gathering in Bahrain for a summit dominated by the Israel's genocidal war in besieged Gaza which has been raging on without a ceasefire in…,0.9177927345106389,0.2778840265914997
156,"[""israel"", ""gaza"", ""war"", ""israeli"", ""syria""]",representative,2023-10-31,Israeli forces move further into Gaza as Netanyahu declares ‘time for war’ | Israel-Palestine conflict News | Al Jazeera。Israeli military forces have advanced further into the besieged Gaza Strip and battled with Palestinian fighters near G…,0.9171604603196879,0.21095182034683313
156,"[""israel"", ""gaza"", ""war"", ""israeli"", ""syria""]",representative,2024-02-22,"War in the Middle East: Israeli minister sees “first signs” of new hostage agreement - Pledge Times。IAccording to media reports, the Gaza war is moving into tough negotiations over a new ceasefire and the release of the remaining hostages.…",0.9169837514075689,0.29178142154364617
156,"[""israel"", ""gaza"", ""war"", ""israeli"", ""syria""]",random,2024-02-10,"Israel Gaza War, Israel Hamas War, Death Count In Gaza Crosses 28,000: Health Ministry。Israel-Hamas war has been going on since October 7 (File) The health ministry in the Hamas-ruled Gaza Strip on Saturday said that at least 28,064 people…",0.5954176628910666,0.08319502811961643
156,"[""israel"", ""gaza"", ""war"", ""israeli"", ""syria""]",random,2024-01-01,"Jama Masjid Shahi Imam on the Israeli-Palestinian conflict: “The Muslim world has failed to live up to its responsibilities, I hope Prime Minister Modi…” | The Shepherd of the Hills Gazette。Israel-Gaza war: Shahi Imam of Delhi's Jama Masjid…",0.8449396372975451,0.22162648696961018
156,"[""israel"", ""gaza"", ""war"", ""israeli"", ""syria""]",random,2026-07-02,Read Tafsir (Commentary) of Surah Al-Ma'idah 5:108 by Rebar Kurdish Tafsir - Quran.com。In this way it is more likely that witnesses will give true testimony or else fear that their oaths could be refuted by those of the heirs. Be mindful of…,0.45205535672634106,0.03103634099028768
156,"[""israel"", ""gaza"", ""war"", ""israeli"", ""syria""]",random,2025-01-21,"The West is making a muddle of its Syria sanctions | World News - Hindustan Times。The West is making a muddle of its Syria sanctions Outsiders should be much clearer about how and when they will be lifted FOR many Syrians, the past month ha…",0.7119225010312377,0.027526617766317263
156,"[""israel"", ""gaza"", ""war"", ""israeli"", ""syria""]",random,2024-12-05,IDF Warns Soldiers Over Travel After Pro-Palestinian Groups Calls For Arrest Over War Crimes。Israel: Huge Car Bomb Blast Near Tel Aviv; Casualties In Central Israeli City Of Petah Tikva 2 weeks agoBid To Assassinate Israel's Far-Right Minis…,0.8095149760895455,0.24294606787952389
54,"[""trump"", ""president"", ""congress"", ""supreme"", ""mike""]",representative,2022-06-25,"Jan. 6: Pressure, unsung heroes and Trump’s Watergate echoes | KTVE - myarklamiss.com。WASHINGTON (AP) — The House Jan. 6 committee launched under deep political skepticism: What more could be said about the deadly insurrection at the Capito…",0.926371645821698,0.14747839575983712
54,"[""trump"", ""president"", ""congress"", ""supreme"", ""mike""]",representative,2022-06-25,"Jan. 6: Pressure, unsung heroes and Trump’s Watergate echoes | KLRT - FOX16.com。WASHINGTON (AP) — The House Jan. 6 committee launched under deep political skepticism: What more could be said about the deadly insurrection at the Capitol in 2…",0.9243334423891312,0.14803555663355938
54,"[""trump"", ""president"", ""congress"", ""supreme"", ""mike""]",representative,2023-03-18,"Some Trump rivals rally to his side as possible charges loom NORTH CHARLESTON, S.C. (AP) — Top Republicans, including some of Donald Trump’s potential rivals for the GOP’s 2024 presidential nomination, rushed to his defense Saturday after T…",0.9200824347222201,0.1825258741600997
54,"[""trump"", ""president"", ""congress"", ""supreme"", ""mike""]",representative,2023-03-18,"Some Trump rivals rally to his side as possible charges loom。NORTH CHARLESTON, S.C. (AP) — Top Republicans, including some of Donald Trump's potential rivals for the GOP's 2024 presidential nomination, rushed to his defense Saturday after T…",0.9198996875365317,0.18753254001278807
54,"[""trump"", ""president"", ""congress"", ""supreme"", ""mike""]",representative,2022-07-29,POLITICAL ROUNDUP: | News | tahlequahdailypress.com。Those who have tuned into the hearings from the Jan. 6 Committee have heard evidence about the mob that penetrated the U.S. Capitol following then-President Donald Trump’s loss in the 2020…,0.9168949183086375,0.16001958432339503
54,"[""trump"", ""president"", ""congress"", ""supreme"", ""mike""]",random,2026-01-12,"National Portrait Gallery removes impeachment references next to Trump photo | Maine Public。The wall text next to a new portrait of President Trump on display in the Smithsonian's National Portrait Gallery in Washington, D.C., no longer men…",0.7111652172977292,0.17785700171057972
54,"[""trump"", ""president"", ""congress"", ""supreme"", ""mike""]",random,2024-01-11,"Donald Trump Mocks Chris Christie Ahead Of Him Dropping Out Of GOP Primary。Trump took to his personal social media service, Truth Social, where he posted, ""I hear Chris Christie is dropping out of the race today — I might even get to like h…",0.6327056331344234,0.04748639252974163
54,"[""trump"", ""president"", ""congress"", ""supreme"", ""mike""]",random,2026-04-17,Historians sue DOJ as Trump shrugs off law meant to preserve White House papers | Hawai'i Public Radio。The Trump administration asserts a nearly 50-year-old law requiring the preservation of federal government records is unconstitutional. H…,0.5542436737062728,0.06832043633132034
54,"[""trump"", ""president"", ""congress"", ""supreme"", ""mike""]",random,2025-05-02,"Trump Boots Mike Waltz As National Security Adviser, Taps Marco Rubio As Interim Replacement - Benzinga。President Donald Trump’s national security team saw a major reshuffle with the removal of national security adviser Mike Waltz. Waltz, a…",0.6812727285467459,0.0780213085458451
54,"[""trump"", ""president"", ""congress"", ""supreme"", ""mike""]",random,2025-06-08,"Mike Johnson downplays Musk's influence and says Republicans will pass Trump's tax and budget bill – WSB-TV Channel 2 - Atlanta。With an uncharacteristically feistiness, Speaker Mike Johnson took clear sides Sunday in President Donald Trump'…",0.7748582497460739,0.004601045797053005
57,"[""prnewswire"", ""software"", ""network"", ""services"", ""growth""]",representative,2022-11-13,Assembled Joins Forces with Zoom to Empower Contact Center Users with Intelligent Workforce Management - NewsBreak。Related salestechstar.com Rangel’s extensive worldwide channel leadership experience to drive company’s hyper-growth with par…,0.8954749969602049,0.0944349739808985
57,"[""prnewswire"", ""software"", ""network"", ""services"", ""growth""]",representative,2022-11-13,Near Raises $100 Million from Blue Torch Capital as it Prepares for its Next Phase of Growth - NewsBreak。Related salestechstar.com Rangel’s extensive worldwide channel leadership experience to drive company’s hyper-growth with partners acro…,0.8953092452912024,0.0415549997868937
57,"[""prnewswire"", ""software"", ""network"", ""services"", ""growth""]",representative,2022-09-24,"AI and Automation to Power Banking Sector Transformation: SPIN Analytics at DTW 2022 - NewsBreak。Related The world of technology continues to meet the firsts. Recently, the China-based mobile game company NetDragon Websoft appointed an arti…",0.8680326589875206,0.1556575453342638
57,"[""prnewswire"", ""software"", ""network"", ""services"", ""growth""]",representative,2022-11-13,"SAS is Recognized as a Leader in 2022 Gartner Magic Quadrant for Data Quality Solutions - NewsBreak。Related salestechstar.com Astera is proud to announce that two of their products, Astera Centerprise and Astera ReportMiner, featured in the…",0.8668117065987208,0.056727712498309546
57,"[""prnewswire"", ""software"", ""network"", ""services"", ""growth""]",representative,2021-09-22,"Singtel and Trustwave Earn Acclaim from Frost & Sullivan for Their Managed SD-WAN and Security Services, Respectively。A global footprint and local expertise position both companies as the ideal partners to help enterprises navigate digital…",0.8374817745035833,0.07074528405829417
57,"[""prnewswire"", ""software"", ""network"", ""services"", ""growth""]",random,2024-08-01,"Microsoft – Q4 sees a slight miss on Cloud growth | HL。Microsoft reported a 16% rise in revenue, ignoring currency impacts, to $64.7bn. Growth was seen across divisions with Intelligent Cloud the standout at 20%. Within Cloud, Azure growth…",0.6500372692873411,0.003842324561360244
57,"[""prnewswire"", ""software"", ""network"", ""services"", ""growth""]",random,2024-02-08,"Echostor Named To Channel Insider's Hybrid Solutions Provider 250 List | MENAFN.COM。(MENAFN- PR Newswire) Regional expansion, rapid growth, and increased focus on networking and security services creating new momentum for tech solutions pro…",0.7536532466475152,0.06302423657944978
57,"[""prnewswire"", ""software"", ""network"", ""services"", ""growth""]",random,2024-06-01,"Big Tech develops AI network standard, but without chip market leader Nvidia | Technology News | The Shepherd of the Hills Gazette。Major technology companies including Meta, Microsoft, Advanced Micro Devices and Broadcom announced on Thursd…",0.7046365801181729,0.1324284884613649
57,"[""prnewswire"", ""software"", ""network"", ""services"", ""growth""]",random,2023-12-12,"Pure Storage Empowers Toss Bank to Drive Exceptional Digital Financial Services。Pure Storage enables South Korea's fastest growing internet-only bank to save nearly $500,000 in disk purchasing costs, and over $120,000 in data center footpri…",0.6283024808593475,0.024667257945391707
57,"[""prnewswire"", ""software"", ""network"", ""services"", ""growth""]",random,2024-04-12,"Digital Competition Bill a threat to MSMEs: India SME forum - The Hindu BusinessLine。India SME Forum (ISF), a non-governmental, not-for-profit organisation for small and medium businesses, has written to the Corporate Affairs Ministry (MCA)…",0.6524551227391643,0.03444292087754175
148,"[""bowl"", ""nfl"", ""super"", ""injury"", ""chiefs""]",representative,2021-11-07,"NFL midseason awards: Matthew Stafford on MVP pace。The Serby Midseason Awards discovered a way to include the Giants and Jets during yet another season of despair. A list of studs and duds, to be sure: MVP: Matthew Stafford (QB, Rams) A car…",0.9378874323308626,0.08434604138643531
148,"[""bowl"", ""nfl"", ""super"", ""injury"", ""chiefs""]",representative,2022-10-14,"NFL power rankings, Week 6: Giants rise, Broncos fall - NewsBreak。Related thecomeback.com Odell Beckham Jr. hasn’t played in the NFL since suffering an ACL injury during the Los Angels Rams‘ Super Bowl victory over the Cincinnati Bengals la…",0.9376009773818321,0.05317192608586452
148,"[""bowl"", ""nfl"", ""super"", ""injury"", ""chiefs""]",representative,2023-02-12,Starting receiver has a little hands-on experience for punt returns。PHOENIX — DeVonta Smith’s role could include punt returns Sunday when the Eagles oppose the Chiefs in Super Bowl LVII. With punter returner Britain Covey nursing a hamstrin…,0.9214450336742324,0.09913203710746399
148,"[""bowl"", ""nfl"", ""super"", ""injury"", ""chiefs""]",representative,2022-09-20,"Secret Superstars for Week 2 of the 2022 NFL season。There are all kinds of reasons that NFL players are underrated. Perhaps they’re in systems that don’t best show their skills. Maybe they’re buried on a depth chart. Or, they’re in somebody…",0.9213020603099229,0.06633584880880194
148,"[""bowl"", ""nfl"", ""super"", ""injury"", ""chiefs""]",representative,2025-10-31,"Packers-Panthers Injury Report: Quay Walker’s Status, Micah Parsons’ Mic Drop。GREEN BAY, Wis. – Green Bay Packers linebacker Quay Walker is questionable for Sunday’s home game against the Panthers while Carolina quarterback Bryce Young will…",0.9204193527428594,0.07603582699309197
148,"[""bowl"", ""nfl"", ""super"", ""injury"", ""chiefs""]",random,2026-02-05,Nick Emmanwori injury: Seahawks rookie hurts ankle before Super Bowl vs. Patriots - CBS Sports。Nick Emmanwori injury: Seahawks rookie hurts ankle in practice ahead of Super Bowl vs. Patriots Emmanwori was limited during Wednesday's practice…,0.7431884877936961,0.04481207235896756
148,"[""bowl"", ""nfl"", ""super"", ""injury"", ""chiefs""]",random,2026-07-09,"Jeff Zrebiec Looks at Where Ravens Are Better, Worse, or About the Same As Last Year | Late for Work。Jeff Zrebiec Looks at Where Ravens Are Better, Worse, or About the Same As Last Year General Manager Eric DeCosta is fond of saying that ga…",0.8865361678179757,0.031207448371600055
148,"[""bowl"", ""nfl"", ""super"", ""injury"", ""chiefs""]",random,2022-01-05,"Buccaneers' Tom Brady on Signing INT For Jets' Brandin Echols: 'That's the Last Time' | Bleacher Report | Latest News, Videos and Highlights。New York Jets cornerback Brandin Echols picked off Tampa Bay Buccaneers quarterback Tom Brady on Su…",0.789949790030319,0.0710780231253263
148,"[""bowl"", ""nfl"", ""super"", ""injury"", ""chiefs""]",random,2023-06-13,NFL GOATs: Nine players who could become best at their positions - ESPN。How many NFL players lining up in 2023 have a shot at being the best at their position in league history? It's a complicated question. Even picking the greatest player…,0.7264398766663043,0.030000725473336542
148,"[""bowl"", ""nfl"", ""super"", ""injury"", ""chiefs""]",random,2024-09-18,"Eagles' A.J. Brown will miss a few weeks with a hamstring injury he suffered in practice。The Eagles started their 2024 season on the road for a neutral site game in São Paulo, Brazil vs. the Packers. In Week 2, Philadelphia was at home to f…",0.7553074036934764,0.024346893406987813
177,"[""convert"", ""conversion"", ""exchange"", ""rate"", ""table""]",representative,2025-06-18,"Market recap for the North American session - June 17。Log in to today’s North American session Recap for June 17. Today's session has seen a major reversal in sentiment, with headlines about the US potentially entering the conflict between…",0.8671665102543884,0.05264607945941813
177,"[""convert"", ""conversion"", ""exchange"", ""rate"", ""table""]",representative,2024-07-09,"Markets Wait For Powell Testimony, CPI Data。CANBERA (dpa-AFX) - Monetary policy and rate cut expectations dominated market sentiment ahead of Fed Chair Jerome Powell's semi-annual testimony on monetary policy at the Senate Banking Committee…",0.8607297762409916,0.07722329197428524
177,"[""convert"", ""conversion"", ""exchange"", ""rate"", ""table""]",representative,2026-05-21,"FTSE 100 edges higher despite oil price gains | LBC。FTSE 100 edges higher despite oil price gains The FTSE 100 closed up 11.13 points, 0.1%, at 10,443.47. The FTSE 100 ended a see-saw session in the green, as rising mining stocks offset dis…",0.8505264548288122,0.02950571905471122
177,"[""convert"", ""conversion"", ""exchange"", ""rate"", ""table""]",representative,2021-09-08,"Ringgit eases vs US dollar amidst wait-and-see mode | Money | Malay Mail。KUALA LUMPUR, Sept 8 — The ringgit eased versus the US dollar at Wednesday’s opening as traders await Bank Negara Malaysia’s interest rate decision and the release of…",0.849519642524366,0.09761226873996465
177,"[""convert"", ""conversion"", ""exchange"", ""rate"", ""table""]",representative,2026-03-12,"Dollar Boosted by Liquidity Demand as Stocks Falter。The dollar index (DXY00) today is up by +0.34%. Today's stock slump has boosted liquidity demand for the dollar. Also, higher T-note yields today have strengthened the dollar's interest ra…",0.8482838547218723,0.009371196978106289
177,"[""convert"", ""conversion"", ""exchange"", ""rate"", ""table""]",random,2025-12-29,"ELK to GIP: Convert Elk Finance to Gibraltar Pound | Live ELK Price in GIP | MEXC。Elk Finance to Gibraltar Pound Conversion Table ELK to GIP Conversion Table - 1 ELK0,01 GIP - 2 ELK0,03 GIP - 3 ELK0,04 GIP - 4 ELK0,06 GIP - 5 ELK0,07 GIP -…",0.729064800415232,0.0827953536741266
177,"[""convert"", ""conversion"", ""exchange"", ""rate"", ""table""]",random,2023-10-13,危地馬拉格查爾兌to Egyptian pounds匯率。將GTQ兌換成EGP - Wise。危地馬拉格查爾兌埃及鎊匯率 以實時匯率將GTQ兌換成EGP 如何將危地馬拉格查爾兌換成to Egyptian pounds - 1輸入金額只需在框内輸入你要兌換的金額。 - 2選擇你的貨幣點擊下拉列表，在第一個下拉列表中選擇GTQ你要兌換的來源貨幣，在第二個下拉列表中選擇EGP你要兌換成哪一種目標貨幣。 - 3完成了我們的貨幣轉換器爲你顯示當前GTQ兌EGP的匯率，以及過去一天、一周…,0.4835809194211384,0.0018146461138898728
177,"[""convert"", ""conversion"", ""exchange"", ""rate"", ""table""]",random,2023-02-15,"Grains lower, Livestock higher。CHICAGO (AP) — Grain futures were lower Wednesday in early trading on the Chicago Board of Trade. Wheat for Mar. declined 20.75 cents at $7.7250 a bushel; Mar. corn was off 5.25 cents at $6.7825 a bushel; Mar.…",0.5504350365310493,0.062131570590583274
177,"[""convert"", ""conversion"", ""exchange"", ""rate"", ""table""]",random,2025-12-21,BASEDPEPE to HTG: Convert Based Pepe to Haitian Gourde | Live BASEDPEPE Price in HTG | MEXC。Based Pepe to Haitian Gourde Conversion Table BASEDPEPE to HTG Conversion Table - 1 BASEDPEPE0.00 HTG - 2 BASEDPEPE0.00 HTG - 3 BASEDPEPE0.00 HTG -…,0.6455887722394087,0.08241606150646474
177,"[""convert"", ""conversion"", ""exchange"", ""rate"", ""table""]",random,2024-05-21,"Gold price per tola falls Rs1,900 in Pakistan - Markets - Business Recorder。Gold prices fell in Pakistan on Tuesday in line with a decrease in the international rate. In the local market, gold price per tola clocked in at Rs248,500 after a…",0.5905330873780661,0.1715970241662087
193,"[""stock"", ""price"", ""indian"", ""nasdaq"", ""markets""]",representative,2022-01-13,"Associated Banc-Corp. Shares Approach 52-Week High - Market Mover | Nasdaq。Associated Banc-Corp. (ASB) shares closed today at 1.8% below its 52 week high of $25.55, giving the company a market cap of $3B. The stock is currently up 11.1% yea…",0.9263458223739127,0.12229017475378523
193,"[""stock"", ""price"", ""indian"", ""nasdaq"", ""markets""]",representative,2022-07-16,"Agree Realty Corp. Shares Near 52-Week High - Market Mover | Nasdaq。Agree Realty Corp. (ADC) shares closed today at 0.2% below its 52 week high of $74.96, giving the company a market cap of $5B. The stock is currently up 7.0% year-to-date,…",0.9197254190314335,0.10142384506757374
193,"[""stock"", ""price"", ""indian"", ""nasdaq"", ""markets""]",representative,2022-02-09,"National Bank Holdings Corp - Class A Shares Near 52-Week High - Market Mover | Nasdaq。National Bank Holdings Corp - Class A (NBHC) shares closed today at 1.8% below its 52 week high of $48.24, giving the company a market cap of $1B. The st…",0.9193416193521331,0.1070495634755736
193,"[""stock"", ""price"", ""indian"", ""nasdaq"", ""markets""]",representative,2021-12-28,"Exact Sciences Corp. Shares Close in on 52-Week Low - Market Mover | Nasdaq。Exact Sciences Corp. (EXAS) shares closed today at 1.5% above its 52 week low of $73.41, giving the company a market cap of $12B. The stock is currently down 43.7%…",0.9139901276029814,0.09781290192927627
193,"[""stock"", ""price"", ""indian"", ""nasdaq"", ""markets""]",representative,2021-12-27,"Reneo Pharmaceuticals Inc Shares Close the Day 13.0% Higher - Daily Wrap | Nasdaq。Reneo Pharmaceuticals Inc (RPHM) shares closed today 13.0% higher than it did at the end of yesterday. The stock is currently down 35.6% year-to-date, down 35…",0.9116811835090262,0.15436401571710923
193,"[""stock"", ""price"", ""indian"", ""nasdaq"", ""markets""]",random,2021-12-23,"Kimberly-Clark Corp. stock underperforms Thursday when compared to competitors - MarketWatch。Shares of Kimberly-Clark Corp. KMB, -0.24% slid 0.24% to $138.89 Thursday, on what proved to be an all-around great trading session for the stock m…",0.8406122967685006,0.10631500225575219
193,"[""stock"", ""price"", ""indian"", ""nasdaq"", ""markets""]",random,2025-09-09,"Indian Stock Markets Surge Amid Global Positivity, IT Stocks Lead Gains | Business。Indian Stock Markets Surge Amid Global Positivity, IT Stocks Lead Gains Indian stock markets opened higher on Tuesday, driven by IT stocks, amid positive glo…",0.6632375959493032,0.007182054139882932
193,"[""stock"", ""price"", ""indian"", ""nasdaq"", ""markets""]",random,2022-11-17,"Dow futures: Cisco and Nvidia edge profits; The intensification of the main recession signal。Dow Jones futures rose early Thursday, along with S&P 500 futures and Nasdaq futures, with the focus on earnings from Nvidia and Cisco. X The stock…",0.8674644599218263,0.06746551134870482
193,"[""stock"", ""price"", ""indian"", ""nasdaq"", ""markets""]",random,2024-12-31,"Quipt Home Medical Corp. (CVE:QIP) Senior Officer Patrick Dennis Gamble Acquires 10,000 Shares of Stock - Ticker Report。Quipt Home Medical Corp. (CVE:QIP – Get Free Report) Senior Officer Patrick Dennis Gamble acquired 10,000 shares of the…",0.7102551901441033,0.017776343495259472
193,"[""stock"", ""price"", ""indian"", ""nasdaq"", ""markets""]",random,2021-08-06,"Do Valero Energy Corporation (VLO) beta value of 2.12 signposts another twist? – Invest Chronicle。Let’s start up with the current stock price of Valero Energy Corporation (VLO), which is $66.02 to be very precise. The Stock rose vividly dur…",0.7798824509582483,0.016881203346678864
143,"[""hdl"", ""创新"", ""clinical"", ""ratio"", ""医药""]",representative,2026-03-28,"FDA approves Rocket’s Kresladi as first gene therapy for LAD-I | BioWorld。In a win for the rare disease space, the U.S. FDA granted accelerated approval for Rocket Pharmaceuticals Inc.’s Kresladi (marnetegragene autotemcel) as the first gen…",0.869439525149607,0.1769292821512658
143,"[""hdl"", ""创新"", ""clinical"", ""ratio"", ""医药""]",representative,2026-03-26,"Early FDA wins: Corcept’s Lifyorli, Denali’s Avlayah | BioWorld。The U.S. FDA approved Corcept Therapeutics Inc.’s oral, selective glucocorticoid receptor antagonist Lifyorli (relacorilant) nearly four months ahead of schedule for adults wit…",0.8689208001502754,0.2671457598840399
143,"[""hdl"", ""创新"", ""clinical"", ""ratio"", ""医药""]",representative,2023-03-29,"Genialis Raises $13M to Build Clinical Biomarkers that Predict Patient Response。Debiopharm Innovatoin Fund & Taiwania Capital co-lead financing round for Genialis to propel drug development, diagnostics and treatment planning through AI/ML-…",0.8663282630539685,0.24715904710230674
143,"[""hdl"", ""创新"", ""clinical"", ""ratio"", ""医药""]",representative,2024-09-17,"Econ Corp Services DBA Investorideas.com: Innovation Driving Cancer's Solid Tumors Market。Vancouver, Kelowna, and Delta, British Columbia--(Newsfile Corp. - September 17, 2024) - Investorideas.com, a go-to investing platform, releases the f…",0.8473183183133174,0.23641239775367795
143,"[""hdl"", ""创新"", ""clinical"", ""ratio"", ""医药""]",representative,2024-12-02,"Scrip Insights: Leadership, R&D, Advanced Therapies, & More | Scrip。Scrip In this week's episode: Marks on Trump’s threat to FDA; Amgen’s Phase II MariTide data lack clarity; Roche’s Poseida buyout; Roche’s CMO on his biotech lessons; and w…",0.8461594043525068,0.2484787336019022
143,"[""hdl"", ""创新"", ""clinical"", ""ratio"", ""医药""]",random,2025-08-19,"Get Monocytes tests in Pen Argyl, PA | Empirical Health。Monocytes are white blood cells that help fight chronic infections and remove dead or damaged tissues. Heart Chol/HDLc Ratio HDL Triglycerides ApoB Lp(a) LDL/HDL Ratio Non HDL ApoA1 Ap…",0.29912554563968585,0.03856838085917025
143,"[""hdl"", ""创新"", ""clinical"", ""ratio"", ""医药""]",random,2026-04-23,JCI - Hepatic glutathione depletion ameliorates MASLD through selective protein oxidation and inhibition of lipogenesis。Advertisement Research ArticleCell biologyHepatologyMetabolism Open Access | 10.1172/JCI197556 1Section of Integrative P…,0.6075884992030717,0.13982174650935986
143,"[""hdl"", ""创新"", ""clinical"", ""ratio"", ""医药""]",random,2025-09-06,"China Top Protein & Antibody Manufacturer Insights from the 2025 PEGS Boston Summit The 2025 PEGS Boston Summit: A Hub of Biotherapeutic Innovation The PEGS Boston Summit is a premier event for the biopharmaceutical industry, serving as a c…",0.7248591765294574,0.12375198448370184
143,"[""hdl"", ""创新"", ""clinical"", ""ratio"", ""医药""]",random,2024-05-29,"Phenylketonuria Market Size In The 7MM Was 700 USD Million In 2023, Estimated Delveinsight。(MENAFN- EIN Presswire) Phenylketonuria Market Phenylketonuria Market DELHI, DELHI, INDIA, May 29, 2024 /EINPresswire / -- DelveInsight's 'Phenylketo…",0.6130426563785447,0.1834302986965175
143,"[""hdl"", ""创新"", ""clinical"", ""ratio"", ""医药""]",random,2022-05-17,EuroPCR: Medtronic renal denervation system shows better blood pressure control with significantly more time in target range。Medtronic adds to SPYRAL HTN Global Clinical Program with late breaking clinical data for SPYRAL HTN-ON MED and GSR…,0.6679171364118561,0.010218002229382295
68,"[""nba"", ""game"", ""celtics"", ""injury"", ""rockets""]",representative,2022-01-28,"Nuggets' Markus Howard: Ruled out Sunday - NewsBreak。Related CBS Sports The embattled Los Angeles Lakers got a major boost on Tuesday night, when star big man Anthony Davis returned to the lineup in their 106-96 win over the Brooklyn Nets.…",0.9422665094896583,0.12150461441629057
68,"[""nba"", ""game"", ""celtics"", ""injury"", ""rockets""]",representative,2022-02-22,"When the All-Star break ends, the NBA’s stretch run begins | Yourbasin。CLEVELAND (AP) — When the All-Star break ends, the stretch run begins. There isn’t much time left in the NBA season. The All-Star weekend came at about the 60-game mark…",0.929933775941526,0.08432178973615079
68,"[""nba"", ""game"", ""celtics"", ""injury"", ""rockets""]",representative,2022-05-21,"Curry, Warriors rally past Mavs for 2-0 lead in West finals | WYTV。SAN FRANCISCO (AP) — Luka Doncic had been dominating for most of the night, yelling in celebration and flexing his arms in Stephen Curry’s house. Then Curry and the Golden S…",0.9265320186177994,0.09124923901794724
68,"[""nba"", ""game"", ""celtics"", ""injury"", ""rockets""]",representative,2022-10-23,"Kawhi Leonard tosses shade at Spurs over comparisons to 2018 injury - NewsBreak。- This Huge Flea Market in Texas is a Must-VisitJoe MertensSchertz, TX - Some Texans Who Use Medical Marijuana Can Now Get Their Drugs From the CannaBus – A Mob…",0.9210462182253476,0.11396376389555662
68,"[""nba"", ""game"", ""celtics"", ""injury"", ""rockets""]",representative,2023-04-21,‘Overrated!’: Hawks’ Young dealing with more playoff misery | who13.com。ATLANTA (AP) — Trae Young was showered with chants of “overrated!” after two dismal games in Boston. The Atlanta star will need to find his playoff groove at home if th…,0.9208038223105124,0.0728662748208534
68,"[""nba"", ""game"", ""celtics"", ""injury"", ""rockets""]",random,2026-04-24,"Luke Kennard And Lakers Square Off Against Rockets In Game 3 | FanDuel Research。Luke Kennard and the Los Angeles Lakers play the Houston Rockets Game 3 of the opening round of the NBA playoffs on Friday, April 24. Kennard's points prop was…",0.6927525919797084,0.11117498174556806
68,"[""nba"", ""game"", ""celtics"", ""injury"", ""rockets""]",random,2025-09-11,"Once forbidden to wear jeans, now WNBA players are in charge of their appearance - KESQ。By Leah Asmelash, CNN (CNN) — One month before this WNBA season was set to start, the league made an unconventional announcement: Coach, the American fa…",0.621947778264428,0.009176225405208793
68,"[""nba"", ""game"", ""celtics"", ""injury"", ""rockets""]",random,2024-12-28,"Mavericks' Naji Marshall, Suns' Jusuf Nurkic receive suspensions from NBA after fight。The Dallas Mavericks defeated the Phoenix Suns 98-89 on Friday night, however, an incident occurred during the game. Naji Marshall and Jusuf Nurkic were i…",0.6807499212802681,0.1123484700335512
68,"[""nba"", ""game"", ""celtics"", ""injury"", ""rockets""]",random,2023-07-02,"Knicks are trading former lottery pick and fan favorite Obi Toppin to Pacers, AP source says – KETK.com | FOX51.com。NEW YORK (AP) — The New York Knicks are trading Obi Toppin to the Indiana Pacers, dealing away a former lottery pick who was…",0.8380460130340862,0.1364813164932971
68,"[""nba"", ""game"", ""celtics"", ""injury"", ""rockets""]",random,2022-11-12,Ira Winderman: Victor Wenbanyama won’t be a Heat game-changer . . . or will he? – The Denver Post。There is no defense played in the NBA draft lottery. And yet with the generational talent of Victor Wenbanyama available in the May 16 drawing…,0.8297225272148497,0.02139222650047745
87,"[""delhi"", ""police"", ""court"", ""case"", ""singh""]",representative,2026-05-16,"POCSO case: Police issue look out notice against Bandi Bageerath, raid home。Hyderabad: The Cyberabad Police on Saturday, May 16, issued a lookout notice against Bandi Sai Bageerath, who is accused in a Protection of Children from Sexual Off…",0.9012259351166833,0.16383850255697086
87,"[""delhi"", ""police"", ""court"", ""case"", ""singh""]",representative,2025-09-24,"Self-styled godman booked for 'sexually harassing' students at Delhi institute, on the run。New Delhi, Sep 24 (PTI) A self-styled godman, once associated with a reputed religious organisation, is at the centre of a police investigation after…",0.8836720502061794,0.14309677444779012
87,"[""delhi"", ""police"", ""court"", ""case"", ""singh""]",representative,2022-05-28,"Vaishno Devi online chopper booking scam: Chargesheet filed against 7 from Bihar, Rajasthan - Hindustan Times。Vaishno Devi online chopper booking scam: Chargesheet filed against 7 from Bihar, Rajasthan The Jammu and Kashmir police on Saturd…",0.8719146111510057,0.19192848776397575
87,"[""delhi"", ""police"", ""court"", ""case"", ""singh""]",representative,2025-09-15,"India News | Crime Branch Kashmir Nabs Fraudster Impersonating as Duty Officer to Lieutenant Governor in Rs 50 Lakh Scam | LatestLY。Srinagar (Jammu and Kashmir) [India], September 15 (ANI): The Economic Offences Wing (EOW) of Crime Branch K…",0.8676706709980854,0.1589959239500417
87,"[""delhi"", ""police"", ""court"", ""case"", ""singh""]",representative,2022-05-28,"Ludhiana: Neighbour booked for trying to rape girl - Hindustan Times。Ludhiana: Neighbour booked for trying to rape girl A man has been booked for trying to rape a 13-year-old girl who lives in his neighbourhood in Dholewal, police said on S…",0.863936204701764,0.11333889723077917
87,"[""delhi"", ""police"", ""court"", ""case"", ""singh""]",random,2024-09-09,"Kolkata Doctor Rape-Murder Case: '23 Dead Due To Doctors' Strike', Kapil Sibal Tells Supreme Court | India News | Zee News。Kolkata Doctor Rape-Murder Case: '23 Dead Due To Doctors' Strike', Kapil Sibal Tells Supreme Court The Supreme Court…",0.7495102718966444,0.12596293342673326
87,"[""delhi"", ""police"", ""court"", ""case"", ""singh""]",random,2023-12-13,"Delhi police ASI injured after being stabbed by unidentified assaliant | www.lokmattimes.com。Delhi police ASI injured after being stabbed by unidentified assaliant By ANI | Published: June 2, 2023 04:31 PM2023-06-02T16:31:32+5:302023-06-02T…",0.6446492372941223,0.013876828477764502
87,"[""delhi"", ""police"", ""court"", ""case"", ""singh""]",random,2022-11-05,ED probes Manish Sisodia's personal assistant in Delhi Excise Policy scam case。New Delhi:The Enforcement Directorate on Saturday questioned Delhi Deputy Chief Minister Manish Sisodia's personal assistant in connection with its money launder…,0.7235031809674102,0.14065447300879963
87,"[""delhi"", ""police"", ""court"", ""case"", ""singh""]",random,2026-02-25,BC Commission Chairman visits Kummera。Nagarkurnool: BC Commission Chairman Niranjan termed the death of a two-month-old infant during the incident at the Shiva temple in Kummera village of Nagarkurnool mandal as extremely tragic. On Tuesday…,0.7136028852519993,0.0807245881227936
87,"[""delhi"", ""police"", ""court"", ""case"", ""singh""]",random,2026-07-11,"Banka double murder main accused injured in police firing | Hindustan Times。Sachin Kumar Singh, who was arrested from Ranchi in Jharkhand on charges of killing two persons, Gunjan Kumar Singh and Sittu Kumar Singh, was injured in a police e…",0.712316939132337,0.06659654843077512
161,"[""guru"", ""nasdaq"", ""stock"", ""index"", ""company""]",representative,2024-09-17,"3 AllianceBernstein Mutual Funds for Great Returns | Nasdaq。AllianceBernstein manages various mutual funds spanning equity, fixed-income, alternatives and multi-asset strategies. It has $725 billion in assets under its management and a pres…",0.8609058994431504,0.06278026360694522
161,"[""guru"", ""nasdaq"", ""stock"", ""index"", ""company""]",representative,2023-08-28,"In this article, we will take a look at the 12 best high risk penny stocks to buy now. To see more such companies, go directly to 5 Best High Risk Penny Stocks to Buy Now. Investors are jubilant over Nvidia crushing analyst estimates in its…",0.8498026265844427,0.06530168571860706
161,"[""guru"", ""nasdaq"", ""stock"", ""index"", ""company""]",representative,2022-07-19,"7 Penny Stocks to Pick Up for Real Profit in Q3 | InvestorPlace。The U.S. equities market has been incredibly volatile since the beginning of the year. The top market indices have been on historical losing streaks, putting investors in a dil…",0.8465301564804316,0.05135670317111174
161,"[""guru"", ""nasdaq"", ""stock"", ""index"", ""company""]",representative,2022-04-06,"RIVERNORTH OPPORTUNITIES FUND, INC. LAUNCHES SERIES A PERPETUAL PREFERRED STOCK OFFERING。DENVER, April 5, 2022 /PRNewswire/ -- RiverNorth Opportunities Fund, Inc. (NYSE: RIV) (the ""Fund"") today announced that it plans to offer shares of its…",0.846205573707874,0.032360120132384096
161,"[""guru"", ""nasdaq"", ""stock"", ""index"", ""company""]",representative,2022-11-18,"Alternative Credit Income Fund (RCIIX) Celebrates Outperformance at 2nd Anniversary under BC Partners。- Ground-breaking corporate credit fund continues to outpace competitors and benchmarks, highlights ""Reverse T.I.N.A"" market NEW YORK, Nov…",0.8458072928708473,0.06127474251912357
161,"[""guru"", ""nasdaq"", ""stock"", ""index"", ""company""]",random,2025-02-16,"Guru Fundamental Report for COIN - Martin Zweig | Nasdaq。Below is Validea's guru fundamental report for COINBASE GLOBAL INC (COIN). Of the 22 guru strategies we follow, COIN rates highest using our Growth Investor model based on the publish…",0.7511871733651384,0.07534929280258018
161,"[""guru"", ""nasdaq"", ""stock"", ""index"", ""company""]",random,2025-03-15,"Executive Chair At HubSpot Exercises Options Worth $61K | Nasdaq。In a new SEC filing on March 13, it was revealed that Halligan, Executive Chair at HubSpot (NYSE:HUBS), executed a significant exercise of company stock options. What Happened…",0.7799287633102084,0.03716354235576391
161,"[""guru"", ""nasdaq"", ""stock"", ""index"", ""company""]",random,2025-07-21,"Business News | PNB MetLife Launches Value Fund: Build Long-Term Wealth Through Value Investing | LatestLY。PNN New Delhi [India], July 21: Value investing is a time-tested investment approach that focuses on identifying fundamentally strong…",0.7507682406526769,0.090721901464491
161,"[""guru"", ""nasdaq"", ""stock"", ""index"", ""company""]",random,2021-10-27,"FirstBank confirms Tunde Hassan-Odukale as single-largest shareholder, ranks Femi Otedola second - TODAY。FBN Holdings Plc, the holding company of First Bank Nigeria Limited, has confirmed Mr Tunde Hassan-Odukale as the single-largest shareh…",0.6535963581517796,0.009253371354767892
161,"[""guru"", ""nasdaq"", ""stock"", ""index"", ""company""]",random,2023-08-30,"Court upholds Michael Avenatti's conviction for plotting to extort up to $25 million from Nike。Get all the relevant market information you need — get it fast, on time, and accurately with Barchart Plus. FREE 30 Day Trial - Market Pulse - -…",0.6907944885961416,0.06317976027957284
36,"[""liverpool"", ""chelsea"", ""goal"", ""midfielder"", ""transfer""]",representative,2021-09-04,"Transfer news LIVE: Erling Haaland updates, Wilshere denied Como switch, Saul Niguez first Chelsea training session。DEADLINE DAY did not disappoint as clubs scrambled to get last minute deals over the line. In one of the signings of the sum…",0.9265648972047177,0.038536893577601816
36,"[""liverpool"", ""chelsea"", ""goal"", ""midfielder"", ""transfer""]",representative,2024-08-23,"Transfer news LIVE: Merino heading to Arsenal, Villa want Sterling and Trippier could leave Newcastle | The Independent。The 2024/25 Premier League season is now underway, with clubs and managers finalising their squads ahead of what is expe…",0.9210002139107378,0.1265268962686349
36,"[""liverpool"", ""chelsea"", ""goal"", ""midfielder"", ""transfer""]",representative,2022-08-21,"Transfer news LIVE: Cristiano Ronaldo LATEST with Sporting Lisbon offer, Dele Alli Besiktas loan deal, Pulisic update | The Sun。CRISTIANO RONALDO could be rescued from Manchester United by the club where the journey first began. The Portuga…",0.9128817815404138,0.04088538055479762
36,"[""liverpool"", ""chelsea"", ""goal"", ""midfielder"", ""transfer""]",representative,2025-01-23,"Arsenal hijacking Rashford, Man Utd signing PL striker among potential last-minute January Big Six loans。The Big Six could enter the loan market in the final days of the January window amid heightened desperation with Marcus Rashford to Ars…",0.912820850062941,0.06266134169083082
36,"[""liverpool"", ""chelsea"", ""goal"", ""midfielder"", ""transfer""]",representative,2022-08-21,"Chelsea transfer news LIVE: Aubameyang terms AGREED, Harry Maguire enquiry, Wesley Fofana LATEST | The Sun。CHELSEA have made a surprise enquiry for Harry Maguire, according to reports. The Blues are said to feel they may be in with a chance…",0.9091905931683624,0.07270903266484341
36,"[""liverpool"", ""chelsea"", ""goal"", ""midfielder"", ""transfer""]",random,2025-02-01,VIDEO: 'That feels good' - Paul Pogba put through his paces as ex-Man Utd & Juventus midfielder steps up preparations for return from doping ban amid mystery surrounding next club | Goal.com South Africa。VIDEO: 'That feels good' - Paul Pogb…,0.4845344212097137,0.0017660461491346702
36,"[""liverpool"", ""chelsea"", ""goal"", ""midfielder"", ""transfer""]",random,2025-04-27,"Liverpool Skipper Virgil Van Dijk Reveals Key Reason For Signing New Deal, Sounds 'Summer Plans' Warning to Rivals | Republic World。Updated April 27th 2025, 18:42 IST Liverpool may have a big summer rebuild coming after what could potential…",0.8166050519785278,0.07767858126756932
36,"[""liverpool"", ""chelsea"", ""goal"", ""midfielder"", ""transfer""]",random,2024-06-17,"Summer transfer window: Rob McElhenney and Ryan Reynolds' Wrexham target Portsmouth man, Charlton Athletic sign Luton Town veteran and Mansfield Town sign versatile midfielder after Burton departure The transfer window has thrown open its d…",0.6804056005487134,0.08089469878078326
36,"[""liverpool"", ""chelsea"", ""goal"", ""midfielder"", ""transfer""]",random,2025-08-26,Hojlund available to face Grimsby despite rumours of Man Utd exit。MANCHESTER UNITED BOSS Ruben Amorim says Rasmus Hojlund is available to face Grimsby in the Carabao Cup despite seemingly heading for the Old Trafford exit. Hojlund was absen…,0.8387462632726387,0.06062515830722648
36,"[""liverpool"", ""chelsea"", ""goal"", ""midfielder"", ""transfer""]",random,2025-04-11,'Definitely a dig at Trent!' - Liverpool accused of using Mohamed Salah contract extension to fire shots at Alexander-Arnold as Real Madrid free transfer nears | Goal.com Uganda。'Definitely a dig at Trent!' - Liverpool accused of using Moha…,0.5255334101413904,0.03693768026733146
60,"[""咖啡"", ""profit"", ""crore"", ""growth"", ""revenue""]",representative,2022-11-03,"PREMIUM BRANDS HOLDINGS CORPORATION REPORTS RECORD THIRD QUARTER RESULTS, DECLARES FOURTH QUARTER DIVIDEND AND RELEASES ITS 2022 ESG PROGRESS REPORT。VANCOUVER, BC, Nov. 3, 2022 /CNW/ - Premium Brands Holdings Corporation (TSX: PBH), a leadi…",0.9063713156956333,0.13345217105543872
60,"[""咖啡"", ""profit"", ""crore"", ""growth"", ""revenue""]",representative,2023-08-09,"CarGurus Announces Second Quarter 2023 Results。GAAP consolidated net income was $13.8 million; Consolidated Adjusted EBITDA was $45.2 million, exceeding high-end of guidance range Digital Wholesale demonstrated ongoing efficiency in operati…",0.8901895166549069,0.1359888459859474
60,"[""咖啡"", ""profit"", ""crore"", ""growth"", ""revenue""]",representative,2024-12-18,"ABM Reports Fourth Quarter and Full Fiscal 2024 Results and。- Revenue of $2.2 billion in the fourth quarter, including 3.2% organic growth - Net loss of $11.7 million and GAAP loss per share of $0.19 in the fourth quarter, largely reflectin…",0.8854567161055082,0.11539464441307234
60,"[""咖啡"", ""profit"", ""crore"", ""growth"", ""revenue""]",representative,2025-09-05,"Brady Revenue Jumps 16% in Fiscal Q4 | Nasdaq。Key Points- - Revenue rose 15.7% to $397.3 million, driven primarily by acquisitions, led mostly by acquisitions while organic sales edged up 2.4%. - - Adjusted diluted earnings per share set a…",0.8846623131966802,0.11051635484823386
60,"[""咖啡"", ""profit"", ""crore"", ""growth"", ""revenue""]",representative,2026-02-27,"VISN Q4 Earnings Miss Estimates, Top Line Increase Y/Y | Nasdaq。Vistance Networks, Inc. VISN reports soft fourth-quarter results with both the bottom line and top line missing the Zacks Consensus Estimate. It should be noted that the divest…",0.8841660773611748,0.01991287286155119
60,"[""咖啡"", ""profit"", ""crore"", ""growth"", ""revenue""]",random,2025-02-12,"Nile Q3 Results 2025 on 12 Feb, 2025: profit falls by 14.41% YOY, profit at ₹10.16 crore and revenue at ₹232.51 crore | Company Business News。Nile Q3 Results 2025:Nile declared their Q3 results on 10 Feb, 2025, revealing a challenging quart…",0.7813020563745703,0.046231670391189916
60,"[""咖啡"", ""profit"", ""crore"", ""growth"", ""revenue""]",random,2023-03-23,"My Top TSX Growth Stock for April 2023 | The Motley Fool Canada。Park Lawn (TSX:PLC) is a Toronto-based company that owns and operates cemeteries, crematoriums, and funeral homes in Canada and the United States. Today, I want to discuss why…",0.6971820025259596,0.030842861531415244
60,"[""咖啡"", ""profit"", ""crore"", ""growth"", ""revenue""]",random,2023-02-21,"Gambling industry generated £7.05bn GVA for British economy in 2022。The estimate comes from the UK government’s Department of Culture, Media and Sport. UK.- The Department of Culture, Media and Sport has estimated that the gambling sector g…",0.6052657141400224,3.8317343860727604e-05
60,"[""咖啡"", ""profit"", ""crore"", ""growth"", ""revenue""]",random,2025-07-30,"Starbucks Q3 Print Largely Disappoints Even As CEO Pitches 'A Wave Of Innovation In 2026' — Retail Isn’t Convinced Yet | Asianet Newsable。The results, which showed some pockets of improvement, such as growth in the China business, cast doub…",0.6680375215567056,0.0322947222723855
60,"[""咖啡"", ""profit"", ""crore"", ""growth"", ""revenue""]",random,2022-07-22,"Market Mover: Streamline Health, (STRM) Up at Midday July 22 | Equities News。Market Mover: Streamline Health, (STRM) Up at Midday July 22 Equities Staff |Shares of Streamline Health Solutions, Inc (NASDAQ: STRM) are up 12.39% Friday. As of…",0.4987811689777784,0.0028589088835741516
133,"[""india"", ""air"", ""modi"", ""state"", ""rajasthan""]",representative,2025-09-15,"India News | Punjab, Haryana Should Act as Elder Brothers to Support Himachal's Interests: CM Sukhu | LatestLY。Shimla (Himachal Pradesh) [India], September 15 (ANI): Chief Minister Sukhvinder Singh Sukhu on Monday said that Himachal Pradesh…",0.8623872699451869,0.15358693290304637
133,"[""india"", ""air"", ""modi"", ""state"", ""rajasthan""]",representative,2023-01-26,Kerala Governor calls for qualitative transformation in higher education in his Republic Day speech - The Hindu。Kerala Governor Arif Mohammed Khan has called for progressive qualitative transformation in the State’s higher education to limi…,0.853428859998151,0.15874868275223064
133,"[""india"", ""air"", ""modi"", ""state"", ""rajasthan""]",representative,2024-12-27,"Bandi stresses dedicated efforts for uplifting backward areas。Live - Gold rates in Visakhapatnam today surges, check the rates on 27 December, 2024 - Bhubaneswar: MBBS student dies by suicide - Money of Urban Coop Bank depositors will be re…",0.841617741092494,0.08945865128258279
133,"[""india"", ""air"", ""modi"", ""state"", ""rajasthan""]",representative,2024-07-30,"’Proud to be Jat,’ says RS Chairman Jagdeep Dhankhar。Dhankhar's statement came during BJP member Ghanshyam Tiwari's speech during the debate on the Budget Jagdeep Dhankar. File Pic/PTI Rajya Sabha Chairman Jagdeep Dhankhar on Tuesday said h…",0.8401178635710089,0.030485685877735813
133,"[""india"", ""air"", ""modi"", ""state"", ""rajasthan""]",representative,2022-04-20,"‘Centre to assist States in implementing projects benefiting common man’ - The Hindu。‘Centre to assist States in implementing projects benefiting common man’ April 20, 2022 08:45 ISTThe Union government is ready to provide funds and assist…",0.8246085410094249,0.14106397082912048
133,"[""india"", ""air"", ""modi"", ""state"", ""rajasthan""]",random,2024-11-25,"Bhel-Hitachi receives Khavda Nagpur HVDC project from Power Grid Corp | Company News - Business Standard。State-owned engineering firm Bharat Heavy Electricals Ltd (Bhel) on Monday said it has, along with Hitachi Energy India, secured an ord…",0.5764798396462337,0.0462205770119587
133,"[""india"", ""air"", ""modi"", ""state"", ""rajasthan""]",random,2025-03-19,Jobs Outside India - Levels.fyi Community。Jobs Outside India I am a Data Engineer working at an Indian Company Operating business in UAE and Saudai Arabaia. I have a total 6+ years of experiance and want to move to any good country outside…,0.3673304237814083,0.05153531627562041
133,"[""india"", ""air"", ""modi"", ""state"", ""rajasthan""]",random,2024-08-18,"Data Story: In Support of a Caste Census to Minimise Access Inequities。advertisement [This article has been written by the Azaad Awaaz initiative of the Centre for New Economics Studies (CNES), OP Jindal Global University. See its website h…",0.599674247136537,0.04775279632953344
133,"[""india"", ""air"", ""modi"", ""state"", ""rajasthan""]",random,2023-10-02,"Gas Pipeline, LPG Plant, IIIT Kota Campus: PM Modi Announces Big Gifts For Rajasthan Ahead of Assembly Polls PM Modi said the development of Rajasthan is a big priority for his government, which has focused on building modern infrastructure…",0.7852425308450763,0.16582340660007744
133,"[""india"", ""air"", ""modi"", ""state"", ""rajasthan""]",random,2025-09-18,"Chandrababu Naidu Asks Collectors To Focus On Achieving 15 Pc Growth Rate During 2024-25, the State achieved a growth rate of 12.02 per cent and the target should be 15 per cent, he said. Addressing the concluding session of the two-day con…",0.704349720255646,0.015501078387033185
80,"[""madrid"", ""cup"", ""goal"", ""com"", ""world""]",representative,2022-09-02,"Chelsea, ManCity on UEFA's FFP watchlist as transfer window ends — NewsDay。Chelsea, Leicester, Manchester City and West Ham have avoided sanctions under UEFA Financial Fair Play (FFP) rules because of “exceptional COVID deductions and consi…",0.912634534213033,0.004905049095962455
80,"[""madrid"", ""cup"", ""goal"", ""com"", ""world""]",representative,2022-02-20,"Barcelona-linked Betis star Fekir finally back to his best after collapse of Liverpool transfer | Goal.com。This year, La Liga looks different. Champions Atletico Madrid are down in fifth, Barcelona have only just clawed their way back into…",0.9051823431200645,0.03990064918401348
80,"[""madrid"", ""cup"", ""goal"", ""com"", ""world""]",representative,2022-02-20,"Barcelona-linked Betis star Fekir finally back to his best after collapse of Liverpool transfer | Goal.com。This year, La Liga looks different. Champions Atletico Madrid are down in fifth, Barcelona have only just clawed their way back into…",0.8983622957007948,0.03778210762784151
80,"[""madrid"", ""cup"", ""goal"", ""com"", ""world""]",representative,2022-02-20,"Barcelona-linked Betis star Fekir finally back to his best after collapse of Liverpool transfer | Goal.com。This year, La Liga looks different. Champions Atletico Madrid are down in fifth, Barcelona have only just clawed their way back into…",0.8979954151297036,0.05851805916089092
80,"[""madrid"", ""cup"", ""goal"", ""com"", ""world""]",representative,2022-09-02,Jamie Carragher replies to Steven Gerrard criticism — NewsDay。Jamie Carragher has pointed to two key issues that Steven Gerrard must navigate as he attempts to cling onto his position at Aston Villa. The Liverpool icon has come under severe…,0.8965940264616752,0.002154722133273612
80,"[""madrid"", ""cup"", ""goal"", ""com"", ""world""]",random,2024-08-19,"Nigerian midfielder Uche scores in his Spanish league debut as Getafe draws 1-1 with Athletic Bilbao - WTOP News。MADRID (AP) — Two years ago, Nigerian midfielder Christantus Uche was playing in the fifth division of Spanish soccer. On Thurs…",0.7214513000198335,0.0576627281356803
80,"[""madrid"", ""cup"", ""goal"", ""com"", ""world""]",random,2021-12-03,"Rayo avoids Copa loss in shootout against 5th-tier team – KETK.com | FOX51.com。MADRID (AP)Rayo Vallecano came close to becoming the first top-flight club to be eliminated in the first round of the Copa del Rey this season, needing a penalty…",0.716185506498219,0.06874892366590113
80,"[""madrid"", ""cup"", ""goal"", ""com"", ""world""]",random,2024-09-17,Liverpool ask Barcelona for one final favour over £148m Coutinho | TEAMtalk。Liverpool will allow Philippe Coutinho to complete a reported £148million transfer to Barcelona this week – but have asked the La Liga giants to announce the deal a…,0.7928158184652854,0.04405832889960637
80,"[""madrid"", ""cup"", ""goal"", ""com"", ""world""]",random,2021-11-28,Mikel Arteta hails Pierre-Emerick Aubameyang’s form - One News Page。Mikel Arteta hails Pierre-Emerick Aubameyang’s form but demands he keeps going Published Published OPINION: Emile Smith Rowe's form since signing a new contract has broken…,0.46280662556432284,0.01713320795020168
80,"[""madrid"", ""cup"", ""goal"", ""com"", ""world""]",random,2025-06-26,"Confirmed, deal closed with Valencia: new partner for Antonio Rüdiger Xabi Alonso moves pieces in defense and Valencia makes an unexpected move Antonio Rüdiger doesn't have a guaranteed starting spot in Xabi Alonso's new project. With Dean…",0.7871245097410886,0.1338708835506628
138,"[""india"", ""ipl"", ""pakistan"", ""trophy"", ""test""]",representative,2026-04-29,"IPL 2026 Dispatch, April 29: Abhishek Sharma-Heinrich Klaasen Duo Ruling Roost; GT Prepare To Welcome Rampaging RCB | Outlook India。Summary of this article - Mumbai Indians need to win at least five of their remaining six matches to have sh…",0.9353054822436639,0.1556052016117644
138,"[""india"", ""ipl"", ""pakistan"", ""trophy"", ""test""]",representative,2026-02-21,Super 8s: Tilak and Surya's guarded batting approach to face its first real test vs SA。AHMEDABAD: Skipper Suryakumar Yadav and Tilak Varma's rejigged philosophy of dropping anchor rather than going for big strokes will be tested by a qualit…,0.9162037025292717,0.13353899505007027
138,"[""india"", ""ipl"", ""pakistan"", ""trophy"", ""test""]",representative,2026-06-06,"India Call Up Vaibhav Sooryavanshi for England T20s | EasternEye。Highlights - Sooryavanshi, 15, called up for T20 series against Ireland, England - He topped IPL charts with 776 runs, broke Gayle's sixes record - Iyer named captain, replaci…",0.9080168347773614,0.1779894766789597
138,"[""india"", ""ipl"", ""pakistan"", ""trophy"", ""test""]",representative,2021-10-24,"T20 World Cup, India vs Pakistan, India Predicted XI: Will India Take Hardik Pandya Gamble? | Cricket News。T20 World Cup, IND vs PAK, India Predicted XI: Will India Take Hardik Pandya Gamble? T20 World Cup: India open their campaign against…",0.9069445998234813,0.19072607845941658
138,"[""india"", ""ipl"", ""pakistan"", ""trophy"", ""test""]",representative,2025-09-28,"India vs Pakistan - a look back at five memorable tournament finals | ESPNcricinfo。Sreshth Shah is a sub-editor at ESPNcricinfo. @sreshthx The India and Pakistan men's teams have played each other in 210 matches across formats, but meetings…",0.9061796185418087,0.18612634701169517
138,"[""india"", ""ipl"", ""pakistan"", ""trophy"", ""test""]",random,2025-02-09,"Kohli returns as India wins toss and bats in 2nd ODI against England - KSTP.com 5 Eyewitness News。Kohli returns as India wins toss and bats in 2nd ODI against England CUTTACK, India (AP) — Virat Kohli has returned from a knee injury as Engl…",0.8519997412507125,0.1646139928216257
138,"[""india"", ""ipl"", ""pakistan"", ""trophy"", ""test""]",random,2022-04-16,"IPL 2022, PBKS vs SRH Stats & Records Preview: Bhuvneshwar, Shikhar Dhawan close in on big records - myKhel。1 PBKS vs SRH head to head Punjab Kings and Sunrisers Hyderabad have met 17 times in the IPL so far and the Hyderabad outfit has a c…",0.7462205774996267,0.19519776808149292
138,"[""india"", ""ipl"", ""pakistan"", ""trophy"", ""test""]",random,2025-02-04,Not Sachin Tendulkar Or Virat Kohli ! Ricky Ponting Picks This Player As 'Best Cricketer That's Ever Played' - WATCH | Cricket News | Zee News。Not Sachin Tendulkar Or Virat Kohli ! Ricky Ponting Picks This Player As 'Best Cricketer That's E…,0.6234039003940008,0.07835811645518131
138,"[""india"", ""ipl"", ""pakistan"", ""trophy"", ""test""]",random,2024-07-19,"Ashwin Muralidharan | Goal en-sa。Hails from Kerala, a hotbed of football in India. Loves the flair that Dutch total football and Brazilian samba brings. However, Sir Alex Ferguson's Red Devils were the first love.",0.5623692262991079,0.07485726201308907
138,"[""india"", ""ipl"", ""pakistan"", ""trophy"", ""test""]",random,2024-06-09,T20 World Cup: India and Pakistan fans bring the party to the USA - News | Khaleej Times。India and Pakistan cricket fans gathered in New York in their thousands on Sunday for the T20 World Cup clash between the two nations bringing a flavou…,0.7240277961709187,0.02700416972425268
23,"[""yankees"", ""mlb"", ""baseball"", ""his"", ""angels""]",representative,2021-08-18,"LEADING OFF: Red Sox-Yanks twinbill, Cabrera tries for 500 – KVEO-TV。A look at what’s happening around the majors today: ___ BRONX TWO-STEP The Yankees host the Red Sox in a day-night doubleheader as the longtime rivals jostle for playoff p…",0.9477571084046568,0.01576196924553963
23,"[""yankees"", ""mlb"", ""baseball"", ""his"", ""angels""]",representative,2022-09-29,"Nola gives up key homer as Phillies lose 3-1 to Cubs。This is a carousel. Use Next and Previous buttons to navigate CHICAGO (AP) — Aaron Nola surrendered Christopher Morel's three-run homer in the fifth inning, and the Philadelphia Phillies…",0.9405075501116247,0.004461321219336067
23,"[""yankees"", ""mlb"", ""baseball"", ""his"", ""angels""]",representative,2022-05-05,"LEADING OFF: Votto on COVID list, Yanks try for 12 straight | CW33 Dallas / Ft. Worth。A look at what’s happening around the majors today: ___ VOTTO OUT A rough year for Joey Votto and the Reds got worse when the slumping first baseman was p…",0.9363632443580034,0.02778186860239562
23,"[""yankees"", ""mlb"", ""baseball"", ""his"", ""angels""]",representative,2021-10-22,LEADING OFF: Braves make their pitch to close out Brewers - NewsBreak。LEADING OFF: Braves make their pitch to close out Brewers A look at what's happening around the majors on today: ___ BLANKIN' BRAVES Boosted by a sharp start from Ian And…,0.9345363826540387,0.011894204373620987
23,"[""yankees"", ""mlb"", ""baseball"", ""his"", ""angels""]",representative,2022-09-29,"Red Sox's Connor Seabold: Knocked around in two innings - NewsBreak。Related Over the Monster The Red Sox lost all four games of this weekend’s series with the Yankees, which was probably intended to intensify a playoff race but instead did…",0.9330559413472761,0.03323877663170505
23,"[""yankees"", ""mlb"", ""baseball"", ""his"", ""angels""]",random,2024-04-20,"Yankees' Kevin Smith: Outrighted to Triple-A - CBSSports.com。The Yankees sent Smith outright to Triple-A Scranton/Wilkes-Barre on Saturday. The Yankees DFA'd Smith on Thursday after claiming Taylor Trammell off waivers from the Dodgers, and…",0.6656398382108568,0.04461175846415477
23,"[""yankees"", ""mlb"", ""baseball"", ""his"", ""angels""]",random,2025-02-26,"Hector Martinez News: Unused sub Tuesday | RotoWire。Hector Martinez News: Unused sub Tuesday Martinez (ankle) was on the bench for Tuesday's 3-1 win over Sporting Kansas City in the CONCACAF, indicating he has fully recovered from his injur…",0.5031765487866308,0.00011672027196851786
23,"[""yankees"", ""mlb"", ""baseball"", ""his"", ""angels""]",random,2024-09-02,"Will the Angels Use a Six-Man Rotation?。With MLB rosters expanding from 26 players to 28 at the start of September, the Los Angeles Angels called up Reid Detmers. Now that the Angels have called up Detmers, the team has six starting pitcher…",0.7555506550815316,0.04024124376629412
23,"[""yankees"", ""mlb"", ""baseball"", ""his"", ""angels""]",random,2024-10-13,"`Big Spender' is the theme music for MLB final four as high-payroll Mets, Yankees, Dodgers reach LCS | News Channel 3-12。AP Baseball Writer NEW YORK (AP) — “Big Spender” is the theme music for baseball’s final four. The New York Mets, New Y…",0.8801225214930049,0.056231160537649316
23,"[""yankees"", ""mlb"", ""baseball"", ""his"", ""angels""]",random,2025-03-09,"Grayson Rodriguez injury: Orioles righty shut down for a week with elbow 'discomfort,' will start season on IL - CBSSports.com。The Baltimore Orioles will be without one of their top starters to begin the regular season. Right-hander Grayson…",0.8105375287877756,0.036721366119487286
235,"[""film"", ""star"", ""season"", ""tom"", ""馬獎""]",representative,2022-09-22,Harley Quinn' Season 3 Ending Explained: Can Love Conquer All? - NewsBreak。Related Collider Dwayne Johnson’s Black Adam is leaving no stones unturned in hyping fans for the upcoming feature. As the movie stands just a month away from its re…,0.9087381371040116,0.06407839556446449
235,"[""film"", ""star"", ""season"", ""tom"", ""馬獎""]",representative,2023-09-23,"Here are the movies we can't wait to watch this fall。With no end in sight for the Hollywood strikes, we check in on new film releases for the fall. Our critics share recommendations for more than 25 films coming out between now and Thanksgi…",0.9008579027887504,0.05393671419947865
235,"[""film"", ""star"", ""season"", ""tom"", ""馬獎""]",representative,2023-12-21,"Aquaman 2: What Critics Are Saying About the Film。- The much-anticipated sequel to ""Aquaman"" arrives in theaters on Friday. - So far, film critics are not fans, likening it to a deep-fried Filet-O-Fish sandwich. - But they aren't all bad —…",0.8919083843954592,0.12389343607699577
235,"[""film"", ""star"", ""season"", ""tom"", ""馬獎""]",representative,2026-05-24,"15 movies we can't wait to see this summer, from Spielberg to 'Spider-Man' | KMUW。It's Hollywood's blockbuster season, meaning something for everyone (and sometimes a couple of somethings — two Zendaya/Tom Holland epics, for instance). Ther…",0.8913597653230583,0.03479518483806876
235,"[""film"", ""star"", ""season"", ""tom"", ""馬獎""]",representative,2026-05-24,"15 movies we can't wait to see this summer, from Spielberg to 'Spider-Man'。It's Hollywood's blockbuster season, meaning something for everyone (and sometimes a couple of somethings — two Zendaya/Tom Holland epics, for instance). There'll be…",0.8902802235553049,0.039302088513551325
235,"[""film"", ""star"", ""season"", ""tom"", ""馬獎""]",random,2023-11-25,金馬獎2023丨《年少日記》導演卓亦謙父親為任政務司副司長 卓永興：希望他繼續努力 - 香港經濟日報 - TOPick - 娛樂 - D231125。金馬獎2023丨《年少日記》導演卓亦謙父親為任政務司副司長 卓永興：希望他繼續努力 由爾冬陞監製、卓亦謙導演的《年少日記》是「首部劇情電影計劃」第五屆大專組得獎作品，故事探討學生輕生問題，在今年金馬獎共獲5項提名，當中包括入圍候選最佳劇情長片（最佳電影）、最佳新導演等，亦是今屆金馬獎唯一入圍爭最佳劇情長片的香港電影。 先拔頭籌，…,0.6786691598078696,0.009209394777599966
235,"[""film"", ""star"", ""season"", ""tom"", ""馬獎""]",random,2022-09-15,"Star Trek: Lower Decks Season 3 Showcases Just How Annoying Living On A Starfleet Vessel Would Be Prior to ""Star Trek: Lower Decks,"" the experiences of lower-ranking Starfleet officers were largely placed in the hands of the notoriously goo…",0.5105179467728453,0.002595612404524883
235,"[""film"", ""star"", ""season"", ""tom"", ""馬獎""]",random,2024-08-29,"Morning 5: ‘Beetlejuice’ | Republican-American。https://youtu.be/CoZqL9N6Rx4?si=YyPd2ZccD8WggAMW “Beetlejuice Beetlejuice” … don’t say it a third time. Tim Burton, Michael Keaton and the rest of the cast were at the Venice Film Festival for…",0.5256663927829366,0.01997141032607941
235,"[""film"", ""star"", ""season"", ""tom"", ""馬獎""]",random,2022-06-03,'Obi-Wan Kenobi' star Moses Ingram faces racist attacks online。“Obi-Wan Kenobi” star Moses Ingram has been the target of racist attacks online. She’s not the first actor of color in the “Star Wars” franchise to face such online hate — so wh…,0.46213950259757486,0.016292239270753517
235,"[""film"", ""star"", ""season"", ""tom"", ""馬獎""]",random,2022-05-11,"‘Avatar: The Way of Water’ Trailer Pulls in Marvel-Level Viewing Figures。For the last decade, the perception of James Cameron’s Avatar has changed significantly, with the blockbuster sci-fi seemingly following the Forrest Gump route of beco…",0.7064863382461524,0.043887242064552856
160,"[""city"", ""goal"", ""league"", ""defeat"", ""manchester""]",representative,2023-09-30,"Man City's perfect start in the Premier League is over. Spurs and Arsenal close the gap at the top。MANCHESTER, England (AP) — Manchester City's perfect start in the Premier League is over after a shock loss to Wolverhampton on Saturday, wit…",0.9420768727621491,0.09144417408384287
160,"[""city"", ""goal"", ""league"", ""defeat"", ""manchester""]",representative,2021-12-19,"Man City takes advantage of Chelsea, Liverpool slip-ups。LONDON (AP) — Chelsea complained about having to play with a coronavirus-depleted squad in drawing at Wolverhampton. Liverpool grumbled about the refereeing in being held by Tottenham.…",0.9342450478362905,0.07332351088578726
160,"[""city"", ""goal"", ""league"", ""defeat"", ""manchester""]",representative,2025-02-09,"Chelsea crash out of FA Cup at Brighton, Man City survive Orient scare - News | Khaleej Times。Brighton & Hove Albion's Kaoru Mitoma celebrates scoring their second goal against Chelsea. — Reuters Brighton's Kaoru Mitoma sent Chelsea crashin…",0.9331821054131203,0.13280605390886147
160,"[""city"", ""goal"", ""league"", ""defeat"", ""manchester""]",representative,2022-10-10,"EPL Overlays for October 8 - NewsBreak。Related MANCHESTER, England (AP) — Erling Haaland scored his 20th goal in just 13 games this season as Manchester City routed Southampton 4-0 to lead the English Premier League on Saturday. Haaland ext…",0.9329617296600318,0.09908969257476985
160,"[""city"", ""goal"", ""league"", ""defeat"", ""manchester""]",representative,2022-03-13,"Ronaldo back with a bang as Reds roll on – Five things we learned in Premier League。By Phil Casey, PA It was a weekend of contrasting fortunes in the Premier League for Merseyside’s clubs, with Liverpool keeping up their title bid and Evert…",0.9320480884787866,0.10306597612007418
160,"[""city"", ""goal"", ""league"", ""defeat"", ""manchester""]",random,2022-05-14,Chelsea ratings: Marcos Alonso impresses in FA Cup final but Romelu Lukaku offers nothing in Wembley defeat。LIVERPOOL lifted the FA Cup after beating Chelsea on penalties at Wembley for the second time this season. After normal time and ext…,0.9174131696429361,0.09069654648246794
160,"[""city"", ""goal"", ""league"", ""defeat"", ""manchester""]",random,2021-10-23,Wilson's overhead kick earns Newcastle draw at Palace in EPL - KYMA。LONDON (AP) — Callum Wilson’s goal from an overhead kick rescued a 1-1 draw for Newcastle at Crystal Palace but the team now under Saudi ownership remained without a Premie…,0.7055467817251133,0.016969048319228408
160,"[""city"", ""goal"", ""league"", ""defeat"", ""manchester""]",random,2022-10-08,"Haaland scores again as Man City rolls; Chelsea beats Wolves。Haaland has been in such prolific form that going without a goal for more than 60 minutes is enough to raise eyebrows these days. His teammates were happy to fill the void, though…",0.916752285262213,0.08877699042428389
160,"[""city"", ""goal"", ""league"", ""defeat"", ""manchester""]",random,2025-05-14,EPL: Nigerian striker in induced coma after surgery - Graphic Online。EPL: Nigerian striker in induced coma after surgery Nottingham Forest striker Taiwo Awoniyi is in an induced coma after having the first phase of surgery on a serious abdo…,0.6318500563623578,0.009298845130060074
160,"[""city"", ""goal"", ""league"", ""defeat"", ""manchester""]",random,2025-03-31,"Luis Milla News: Seven crosses, three accurate | RotoWire。Luis Milla News: Seven crosses, three accurate Milla had one shot (one on goal), seven crosses (three accurate) and three corners in Sunday's 2-1 defeat versus Villarreal. For the ti…",0.523806976018466,0.017144705756814593
11,"[""prnewswire"", ""new"", ""group"", ""ceo"", ""strategic""]",representative,2022-08-10,"DarkPulse, Inc. Reports Second Quarter 2022 Financial Results and Operational Highlights。Company Issues Shareholder Letter NEW YORK and HOUSTON, Aug. 10, 2022 /PRNewswire/ -- DarkPulse, Inc. (OTC Markets: DPLS) (""DarkPulse"" and the ""Company…",0.8365214698575352,0.03629342927365431
11,"[""prnewswire"", ""new"", ""group"", ""ceo"", ""strategic""]",representative,2026-01-15,"EQS-News: LAIQON AG enters 2026 with strengthened management team | 14.01.26 | finanzen.at。LAIQON AG enters 2026 with strengthened management team - Key positions filled with seasoned experts Hamburg, 14 January 2026 On 1 January 2026, Dipl…",0.8289976494402576,0.08155203859484939
11,"[""prnewswire"", ""new"", ""group"", ""ceo"", ""strategic""]",representative,2023-06-22,"CARET Announces Two New Additions to Executive Team。SAN DIEGO, June 22, 2023 (GLOBE NEWSWIRE) -- CARET, a leading software provider for legal and accounting professionals, today announces the addition of two new members to the executive tea…",0.8281112597504303,0.031673579946044805
11,"[""prnewswire"", ""new"", ""group"", ""ceo"", ""strategic""]",representative,2022-12-01,"Kontent.ai Appoints New Senior Executives and Joins MACH Alliance to Support Global Expansion, Business News - AsiaOne。NEW YORK, Dec. 01, 2022 (GLOBE NEWSWIRE) -- Kontent.ai, the vendor behind the leading modular content platform for global…",0.8258801445484598,0.0336418903521416
11,"[""prnewswire"", ""new"", ""group"", ""ceo"", ""strategic""]",representative,2022-07-15,"Insight Partners Announces Enterprise Technology Exchange to Drive Unparalleled Innovation and Leadership Within the Enterprise Software Sector。NEW YORK, July 15, 2022 /PRNewswire/ -- Today, global software investor Insight Partners announc…",0.8237065250595481,0.03755645791106188
11,"[""prnewswire"", ""new"", ""group"", ""ceo"", ""strategic""]",random,2023-09-13,"Cherry Bekaert Acquires Cordia Partners and Cordia Resources。- Acquisition broadens Cherry Bekaert's Outsourced Accounting Services offerings - Introduces Executive Search, Recruiting and Temporary Staffing offering to Cherry Bekaert's port…",0.7344532224841449,0.11427130224626225
11,"[""prnewswire"", ""new"", ""group"", ""ceo"", ""strategic""]",random,2022-09-14,"LAMBERT HIRES BETH WIEGARD TO JOIN INDUSTRY-LEADING PRIVATE EQUITY TEAM | 13.09.22 | finanzen.at。LAMBERT HIRES BETH WIEGARD TO JOIN INDUSTRY-LEADING PRIVATE EQUITY TEAM NEW YORK, Sept. 13, 2022 /PRNewswire/ -- Lambert, a strategic communica…",0.7647100076161318,0.051518834480723474
11,"[""prnewswire"", ""new"", ""group"", ""ceo"", ""strategic""]",random,2023-04-06,"Ascent Named to Newsweek's Most Trustworthy Companies in America 2023 List。BELLEVILLE, Mich., April 6, 2023 /PRNewswire/ -- Ascent, a leading global logistics company, has been recognized on Newsweek's list of Most Trustworthy Companies in…",0.6801733269638355,0.08092478126838787
11,"[""prnewswire"", ""new"", ""group"", ""ceo"", ""strategic""]",random,2025-09-17,"Basic Metals, Inc.。Germantown | Founded: 1980 Employees: 67 | Industry: Metals distribution Basic Metals is a metals distributor offering aluminum, stainless steel and carbon steel products in coil, sheet, plate, circle and extrusion forms.…",0.6629198572513035,0.08705964146426548
11,"[""prnewswire"", ""new"", ""group"", ""ceo"", ""strategic""]",random,2025-09-06,"JP Minda Group Carreiras | Levels.fyi。JP Minda Group is a leading automotive parts manufacturer in India, known for high-quality products such as alloy wheels, LED lights, and E Rickshaws. They supply Tier 1 OEMs and have a significant mark…",0.44108839131865446,0.05443827353743286
204,"[""hdl"", ""ratio"", ""vara"", ""layer"", ""apob""]",representative,2021-09-27,Cannadips: Cannadips CBD: Natural Mint Tin 150mg | Leafly。A balanced mix of sweet and cool mints sensations. Crafted using all-natural (tobacco-free) ingredients. Each tin contains 150mg of water-dispersible CBD. 10mg per pouch. 15 pouches…,0.7644372614170605,0.22619537341441565
204,"[""hdl"", ""ratio"", ""vara"", ""layer"", ""apob""]",representative,2021-09-27,Cannadips: Cannadips CBD: American Spice Tin | Leafly。American features a blend of cinnamon/chocolate with a hint of craft coffee. Crafted using all-natural (tobacco-free) ingredients. Each tin contains 150mg of water-dispersible CBD. 10mg…,0.7612156926089632,0.23321056070920854
204,"[""hdl"", ""ratio"", ""vara"", ""layer"", ""apob""]",representative,2021-09-26,"KYND Cannabis Company: B-Witched Pure Vape Cartridge 0.5g | Leafly。About this product Earthy, sweet and citrusy, B-Witched is an enchanting cross between OGS Wizard’s Potion and the ever-popular Witches Weed. It’s an ideal strain for reliev…",0.752824363547999,0.03268436892263771
204,"[""hdl"", ""ratio"", ""vara"", ""layer"", ""apob""]",representative,2025-07-02,Cannabis Pharmacy: Cannabis Pharmacy THC Blend CBD Gummies | 100mg CBD + 10mg Delta 9 THC – Black Razz – 60ct | Leafly。🍇 Cannabis Pharmacy THC Blend CBD Gummies – Black Razz – 100 mg CBD + 10 mg D9 – 60ct Balanced relief with bold flavor in…,0.7507731584895831,0.013490339064024193
204,"[""hdl"", ""ratio"", ""vara"", ""layer"", ""apob""]",representative,2025-07-02,"Cannabis Pharmacy: Cannabis Pharmacy Delta-9 THC Gummies | 25mg – Oreoz – 40ct | Leafly。Cannabis Pharmacy Delta-9 THC Gummies | 25mg – Oreoz – 40ct Loaded with 25mg of Delta-9 THC in each gummy, this 40ct jar of Oreoz-flavored fire is built…",0.7430431056497063,0.006620374268601625
204,"[""hdl"", ""ratio"", ""vara"", ""layer"", ""apob""]",random,2025-08-19,"Get Platelets tests in Pen Argyl, PA | Empirical Health。Platelet count measures the number of platelets in the blood, which are essential for clotting and wound healing. Heart Chol/HDLc Ratio HDL Triglycerides ApoB Lp(a) LDL/HDL Ratio Non H…",0.29540308863918163,0.011591293616365572
204,"[""hdl"", ""ratio"", ""vara"", ""layer"", ""apob""]",random,2024-04-21,"Bay Ridge NYC - Passion Fruit (Energy)。VARA Juice - Brooklyn Bay Ridge NYC VARA Smoothies - Vara Juice$5.97+ - Pomango Passion$6.88Pomegranate Seeds as the first layer, 2nd layer Strawberry banana smoothie, 3rd Layer Mango smoothie Pomegran…",0.5094817608737384,0.03364674767436704
204,"[""hdl"", ""ratio"", ""vara"", ""layer"", ""apob""]",random,2024-12-04,"NASHA: Mendo Punch 1.2g Green Unpressed Hash (Whitethorn Valley) | Leafly。LINEAGE: Mendo Breath x Purple Punch F2 TASTE: Funk, Vanilla, Honey, Caramel. FEELING: Cerebral, Relaxed FARM: Whitethorn Valley Farm PLACE GROWN: Humboldt, CA CULTIV…",0.5285446771106392,0.04411873275372019
204,"[""hdl"", ""ratio"", ""vara"", ""layer"", ""apob""]",random,2021-12-03,Men's Journal Picks: The Best CBD Gifts This Holiday。Pick up these 2 pack of very flavorful CBD Lip Balm to soothe those lips and relax you just a bit. See It! Get the CBD Lip Balm 2 Pack ($14; was $16) at Neurogan For access to exclusive g…,0.6274993337300793,0.24485774494827572
204,"[""hdl"", ""ratio"", ""vara"", ""layer"", ""apob""]",random,2024-05-09,ppr pipe size chart - Keski。Hot Item Popular Ppr Pipe Size Chart Plastic Tubes Of Plumbing Series . All Types Of Ppr Pipe Fittings Full Size Chart Ppr Pipe Buy Ppr Pipe Specification Ppr Pipe Size Chart All Types Of Ppr Pipe Fittings Produc…,0.3044500934300958,0.023300137057300108
203,"[""dna"", ""family"", ""autosomal"", ""their"", ""semiconservative""]",representative,2021-09-15,Long Lost Family in show first as viewer comes forward with life-changing information about missing brother。LONG Lost Family had a show first after a viewer came forward with life-changing information about a missing brother. Last night saw…,0.9999999999999921,0.3427860159187278
203,"[""dna"", ""family"", ""autosomal"", ""their"", ""semiconservative""]",representative,2023-11-28,Emmerdale's David is devastated as family secrets are revealed ahead of exit | Radio Times。Emmerdale's David is devastated as family secrets are revealed ahead of exit A confrontation led to more heartbreak. Warning: This article contains m…,0.656813985345484,0.014894860469297333
203,"[""dna"", ""family"", ""autosomal"", ""their"", ""semiconservative""]",representative,2022-04-06,"Anne Haggerty feared that her ancestors may have 'owned' some of Sean Wallace's relatives。Chase star Anne Haggerty learns she’s related to Queen Elizabeth II on tonight’s DNA Secrets, while fellow chaser Sean Wallace learns of his ancestry…",0.6440669252662838,0.03398834515809401
203,"[""dna"", ""family"", ""autosomal"", ""their"", ""semiconservative""]",representative,2021-10-02,"LEBANON, Pa. (AP) — “I think I found your brother”: German-born siblings meet for the first time in Lebanon Matthew Toth Lebanon Daily News About five years ago, Elizabeth Lynch was looking for information about her birth mother, Hedwig Hal…",0.6234599462451509,0.008897810209149926
203,"[""dna"", ""family"", ""autosomal"", ""their"", ""semiconservative""]",representative,2024-04-04,"These twin brothers are identical, but their autism isn't | WWNO。The Science of Siblings is a new series exploring the ways our siblings can influence us, from our money and our mental health all the way down to our very molecules. We'll be…",0.6193472228512279,0.10099554519179055
203,"[""dna"", ""family"", ""autosomal"", ""their"", ""semiconservative""]",random,2025-05-06,"Autosomal Inheritance Quiz #2 Flashcards | Channels for Pearson+。Which of the following is an autosomal dominant disorder: polydactyly, cystic fibrosis, hemophilia, or sickle cell anemia? Polydactyly is an autosomal dominant disorder, requi…",0.27724617884728914,0.025320917383519603
203,"[""dna"", ""family"", ""autosomal"", ""their"", ""semiconservative""]",random,2024-11-08,"New DNA evidence exposes lives of ancient Pompeii residents | Daily Sabah。New DNA evidence revealed that long-told stories of people in ancient Pompeii were not as they seemed. When a volcanic eruption engulfed the ancient city of Pompeii,…",0.5225584988655637,0.05535623653400279
203,"[""dna"", ""family"", ""autosomal"", ""their"", ""semiconservative""]",random,2025-05-06,Autosomal Inheritance Quiz #1 Flashcards | Channels for Pearson+。Autosomal Inheritance quiz #1 Flashcards Terms in this set (8) How do autosomal dominant disorders differ from autosomal recessive disorders in terms of allele requirements? A…,0.2518619668262568,0.02063755128475514
203,"[""dna"", ""family"", ""autosomal"", ""their"", ""semiconservative""]",random,2024-09-13,"Ancient DNA Reveals a Distinct Neanderthal Lineage That Evolved Separately for Over 50,000 Years | Technology News。Photo Credit: Unplash/David Clode In a groundbreaking discovery, researchers have identified a previously unknown Neanderthal…",0.34280583369143636,0.04291606044927432
203,"[""dna"", ""family"", ""autosomal"", ""their"", ""semiconservative""]",random,2025-09-13,"Who were the Jacobites? Details explored as Outlander: Blood of my Blood season 1 builds on the historical reference in episode 7。Outlander: Blood of My Blood season 1 episode 7 premiered on Starz on Friday night, September 12, 2025, to bri…",0.5619011683888112,0.0033097794183892804
179,"[""smollett"", ""jussie"", ""jail"", ""chicago"", ""actor""]",representative,2022-03-11,"Jussie Smollett Sentenced to 150 Days in Jail For False Police Report - E! Online。Jussie Smollett has finally learned his fate. The former Empire actor was sentenced to 150 days in a county jail on Thursday, March 10, for filing a false pol…",0.982580669173337,0.3425632457041259
179,"[""smollett"", ""jussie"", ""jail"", ""chicago"", ""actor""]",representative,2022-03-11,"Jussie Smollett sentenced to 150 days in jail in staged hate crime | EW.com。Jussie Smollett sentenced to 150 days in jail in staged hate crime Empire actor Jussie Smollett has been sentenced to 30 months of felony probation, with the first…",0.975999122016544,0.38328759606537477
179,"[""smollett"", ""jussie"", ""jail"", ""chicago"", ""actor""]",representative,2022-03-11,"Jussie Smollett sentenced to 150 days in prison。The long, strange legal journey of former Empire star Jussie Smollett hit a new inflection point tonight, as a Chicago court has now sentenced the actor and musician to 150 days in jail, 30 mo…",0.9710124585930535,0.3285050962827716
179,"[""smollett"", ""jussie"", ""jail"", ""chicago"", ""actor""]",representative,2022-03-17,Court: Jussie Smollett can leave county jail during appeal CHICAGO (AP) — Jussie Smollett was ordered released from jail Wednesday by an appeals court that agreed with his lawyers that he should be free pending the appeal of his conviction…,0.9667166155282312,0.3592819286223089
179,"[""smollett"", ""jussie"", ""jail"", ""chicago"", ""actor""]",representative,2022-03-12,"Jussie Smollett starts 150-day jail term in protected status CHICAGO (AP) — Jussie Smollett began a 150-day jail sentence for staging a hate crime against himself in protective custody, separated from other detainees and watched by security…",0.9635315805770804,0.3304766086983201
179,"[""smollett"", ""jussie"", ""jail"", ""chicago"", ""actor""]",random,2022-03-11,"Jussie Smollett sentenced to 150 days in prison。The long, strange legal journey of former Empire star Jussie Smollett hit a new inflection point tonight, as a Chicago court has now sentenced the actor and musician to 150 days in jail, 30 mo…",0.9710124585930535,0.3285050962827716
179,"[""smollett"", ""jussie"", ""jail"", ""chicago"", ""actor""]",random,2022-04-12,"Jussie Smollett claims innocence in new song ‘Thank You God’ after jail release | WDVM25 & DCW50 | Washington, DC。CHICAGO (WGN) – Former “Empire” actor Jussie Smollett has released a new song in which he again claims to be innocent of lying…",0.924497358611386,0.39609660623502063
179,"[""smollett"", ""jussie"", ""jail"", ""chicago"", ""actor""]",random,2022-03-17,Court orders Jussie Smollett release from jail during appeal Jussie Smollett was ordered released from jail Wednesday by an appeals court that agreed with his lawyers that he should be free pending the appeal of his conviction for lying to…,0.9493580788178594,0.3697615324741349
179,"[""smollett"", ""jussie"", ""jail"", ""chicago"", ""actor""]",random,2022-01-28,"Jussie Smollett to be sentenced March 10 for lying to police | WSAV-TV。CHICAGO (AP) — Jussie Smollett, who was convicted last month for lying to police about a racist, homophobic attack that authorities said he staged, will return to court…",0.9574956929332057,0.33628846125530554
179,"[""smollett"", ""jussie"", ""jail"", ""chicago"", ""actor""]",random,2021-12-02,"Chicago Cop Nails Smollett, Says Actor Told Police White Man Savagely Attacked Him on Night of Incident。A former Chicago police detective on Tuesday testified in the Jussie Smollett trial that police worked hard to substantiate the actor’s…",0.9028187617221185,0.30842002646060906
59,"[""coach"", ""sheffield"", ""their"", ""over"", ""his""]",representative,2024-05-04,I’m not beaten by it – Vincent Kompany vows to keep up Burnley battle | NewsChain。I’m not beaten by it – Vincent Kompany vows to keep up Burnley battle Vincent Kompany insisted he would “not be defeated” by Burnley’s hugely damaging 4-1 hom…,0.921539026287432,0.06681222755613125
59,"[""coach"", ""sheffield"", ""their"", ""over"", ""his""]",representative,2025-08-27,"'Heroes and villains' young and old for Sheffield Wednesday and Leeds United If Alan Hansen had only added the word ""just"", he might not have had to spend three decades having it parroted back to him. The Class of 92 did not win the double…",0.9127554599022139,0.08251291483672352
59,"[""coach"", ""sheffield"", ""their"", ""over"", ""his""]",representative,2023-11-27,"""Our future"" - Key Sheffield United man offers chink of light from Bournemouth wreckage ahead of Burnley clash Sheffield United low on positives from Bournemouth loss but striker's cameo offered some hope amongst wreckage The positives from…",0.9033379582905396,0.06457380883804542
59,"[""coach"", ""sheffield"", ""their"", ""over"", ""his""]",representative,2025-06-28,FA Cup: Horsham FC not at their ‘vintage’ best – but progress is secured Dan Ajakaiye and Reece Myles-Meekums both struck in the first half to give the Hornets a 2-0 half-time lead. Albie Nolan-French put through his own net to make it 3-0…,0.9012730563668063,0.05555301315140204
59,"[""coach"", ""sheffield"", ""their"", ""over"", ""his""]",representative,2021-12-18,Shrewsbury Town ticked all the boxes – boss Steve Cotterill | Shropshire Star。Town continued their impressive home form with a memorable 3-1 victory despite a man disadvantage on a day Daniel Udoh's brace helped pay a fitting tribute to for…,0.9003035991346318,0.0877641659709607
59,"[""coach"", ""sheffield"", ""their"", ""over"", ""his""]",random,2026-05-11,Vehicle Repair Group Sponsors Grassroots Football Clubs。An independent network of vehicle repair centres has teamed up with grassroots football clubs across South Wales as kit or player sponsor this season. Dinas Powys FC have been fielding…,0.6117645368288765,0.022576351123945626
59,"[""coach"", ""sheffield"", ""their"", ""over"", ""his""]",random,2021-10-05,Rangers star Ianis Hagi quotes Union Bears rallying cry as he sends powerful message to title rivals。IANIS HAGI has sent a confident message to Rangers' title rivals by taking inspiration from a popular terraces song in the process. The Ibr…,0.7762978454017925,0.07084438076147959
59,"[""coach"", ""sheffield"", ""their"", ""over"", ""his""]",random,2025-07-16,"Jota's Injury Timeline Confirmed as Celtic Fears Come True。Celtic have quite a ways to go before they look to be a stronger roster, as they have seemingly shuffled things up ahead of the 2025-2026 season. While this was likely necessary for…",0.6675434342393793,0.004957054854757503
59,"[""coach"", ""sheffield"", ""their"", ""over"", ""his""]",random,2025-03-30,"Harry McKay a chance to return for Carlton after playing in VFL scratch match | 7NEWS。Carlton spearhead Harry McKay is in the frame to return for Thursday night’s blockbuster against Collingwood. McKay, who missed the Round 2 clash against…",0.8034669624424617,0.05016520363737065
59,"[""coach"", ""sheffield"", ""their"", ""over"", ""his""]",random,2026-05-14,Tyrone return to All Ireland U20 Final - Full Time Report - Highland Radio - Latest Donegal News and Sport。Tyrone’s quest for three in a row All Ireland U20 titles remains on course as the Red Hand County progressed to another final beating…,0.4413216892471007,0.0823544704610289
