anchor_date,anchor_title,anchor_block,date,title_preview,block,cosine_similarity,same_block
2024-05-30,United Services Automobile Association Purchases 784 Shares of Webster Financial Co. (NYSE:WBS) - Ticker Report。United Services Automobile Association grew its position in shares of Webster Financial Co. (NYSE:WBS – Free Report) by 6.4% in…,150,2025-07-08,"Curtiss-Wright Corporation (NYSE:CW) Stock Position Raised by Mutual Advisors LLC - ETF Daily News。Mutual Advisors LLC raised its position in shares of Curtiss-Wright Corporation (NYSE:CW – Free Report) by 15.7% in the first quarter, accord…",150,0.8639489139527965,True
2024-05-30,United Services Automobile Association Purchases 784 Shares of Webster Financial Co. (NYSE:WBS) - Ticker Report。United Services Automobile Association grew its position in shares of Webster Financial Co. (NYSE:WBS – Free Report) by 6.4% in…,150,2024-02-09,"NIKE, Inc. Plans Quarterly Dividend of $0.37 (NYSE:NKE) - Markets Daily。NIKE, Inc. (NYSE:NKE – Get Free Report) declared a quarterly dividend on Thursday, February 8th, RTT News reports. Shareholders of record on Monday, March 4th will be g…",150,0.8084638631592191,True
2024-05-30,United Services Automobile Association Purchases 784 Shares of Webster Financial Co. (NYSE:WBS) - Ticker Report。United Services Automobile Association grew its position in shares of Webster Financial Co. (NYSE:WBS – Free Report) by 6.4% in…,150,2024-05-01,"Analysts Issue Forecasts for Alphabet Inc.’s Q2 2024 Earnings (NASDAQ:GOOG) - Markets Daily。Alphabet Inc. (NASDAQ:GOOG – Free Report) – Wedbush lifted their Q2 2024 EPS estimates for shares of Alphabet in a report issued on Thursday, April…",150,0.7894538439212203,True
2024-05-30,United Services Automobile Association Purchases 784 Shares of Webster Financial Co. (NYSE:WBS) - Ticker Report。United Services Automobile Association grew its position in shares of Webster Financial Co. (NYSE:WBS – Free Report) by 6.4% in…,150,2024-07-21,Ally Financial (NYSE:ALLY) Price Target Increased to $49.00 by Analysts at Royal Bank of Canada - Markets Daily。Ally Financial (NYSE:ALLY – Free Report) had its price target boosted by Royal Bank of Canada from $46.00 to $49.00 in a researc…,137,0.7857753531596378,False
2024-05-30,United Services Automobile Association Purchases 784 Shares of Webster Financial Co. (NYSE:WBS) - Ticker Report。United Services Automobile Association grew its position in shares of Webster Financial Co. (NYSE:WBS – Free Report) by 6.4% in…,150,2023-07-22,"Csenge Advisory Group Has $341,000 Holdings in Enterprise Products Partners L.P. (NYSE:EPD) - American Banking News。Csenge Advisory Group lessened its stake in Enterprise Products Partners L.P. (NYSE:EPD – Free Report) by 15.4% in the 1st q…",150,0.7844518579319201,True
2023-01-02,"Israeli missile strikes put Damascus airport out of service - The Globe and Mail。Israel’s military fired missiles toward the international airport of the capital Damascus early Monday, putting it out of service and killing two soldiers and…",156,2024-07-30,"Israel says it struck Beirut after an attack in Israeli-controlled Golan Heights。Updated July 30, 2024 at 14:56 PM ET BEIRUT, Lebanon, and TEL AVIV, Israel — A large explosion ripped through the streets of southern Beirut on Tuesday evening…",156,0.7064631107376008,True
2023-01-02,"Israeli missile strikes put Damascus airport out of service - The Globe and Mail。Israel’s military fired missiles toward the international airport of the capital Damascus early Monday, putting it out of service and killing two soldiers and…",156,2026-03-18,"Iran lashes out with attacks on Israel and Gulf neighbors as Israel hits Beirut。It alleged he “provided images and information on sensitive locations” to the Mossad. Iran, one of the world’s top executioners, long has put people to death af…",156,0.6913561021197648,True
2023-01-02,"Israeli missile strikes put Damascus airport out of service - The Globe and Mail。Israel’s military fired missiles toward the international airport of the capital Damascus early Monday, putting it out of service and killing two soldiers and…",156,2023-11-23,"Israel-Hamas conflict: Palestinian women and youths to be swapped for Israeli hostages。By Victor Caivano, Bassam Massoud and Emily Rose Gaza City: The Israeli military has unveiled what it claims is a Hamas military facility under Gaza’s la…",156,0.6574644578936673,True
2023-01-02,"Israeli missile strikes put Damascus airport out of service - The Globe and Mail。Israel’s military fired missiles toward the international airport of the capital Damascus early Monday, putting it out of service and killing two soldiers and…",156,2026-06-28,"U.S. and Iran exchange strikes, underscoring the fragility of the ceasefire。Iran's Revolutionary Guard claimed responsibility for launching drone and missile attacks on Bahrain and Kuwait on Sunday, according to a statement issued via state…",90,0.6539471798743465,False
2023-01-02,"Israeli missile strikes put Damascus airport out of service - The Globe and Mail。Israel’s military fired missiles toward the international airport of the capital Damascus early Monday, putting it out of service and killing two soldiers and…",156,2025-01-01,"Palestinians say 17 Gaza civilians killed in New Year's airstrikes by Israel - UPI.com。Palestinians attend the funeral of Kholoud Abu Dahr, 27, and her 8-year-old son Adam near Al Aqsa Martyrs Hospital in Deir Al Balah, after they died duri…",156,0.6488299175847843,True
2024-05-25,Washington Post: Justice Samuel Alito’s wife said upside-down American flag was ‘an international signal of distress’ in 2021。Supreme Court Justice Samuel Alito’s wife previously said the inverted American flag flown at the couple’s house i…,54,2024-06-13,"Employees Tear 'Pride' Flag from Building, Leader Vows 'As Many Times as They Put It Up, We Are Going to Remove It'。The United States exports plenty of its culture to the wider world, although some of it doesn’t quite catch on. Case in poin…",197,0.6569420109784626,False
2024-05-25,Washington Post: Justice Samuel Alito’s wife said upside-down American flag was ‘an international signal of distress’ in 2021。Supreme Court Justice Samuel Alito’s wife previously said the inverted American flag flown at the couple’s house i…,54,2022-08-31,"Biden hits the campaign trail to tout a string of political wins - NewsBreak。- Mayor Adams Thinking About Sending Migrants Back to TexasTom HandyNew York City, NY - 2022 Most Diverse Places to Live in VirginiaChannelocityVirginia State - Op…",54,0.6379692939197348,True
2024-05-25,Washington Post: Justice Samuel Alito’s wife said upside-down American flag was ‘an international signal of distress’ in 2021。Supreme Court Justice Samuel Alito’s wife previously said the inverted American flag flown at the couple’s house i…,54,2022-02-10,Twitter Users Roast Kaepernick After QB's Ad Says His Flag-Hatred Was 'Sign of Respect to the Military'。While corporate America often turns a blind eye to civil and human rights violations in China to protect their access to the world’s big…,255,0.6310807387844066,False
2024-05-25,Washington Post: Justice Samuel Alito’s wife said upside-down American flag was ‘an international signal of distress’ in 2021。Supreme Court Justice Samuel Alito’s wife previously said the inverted American flag flown at the couple’s house i…,54,2026-05-08,"U.S. intercepts Iranian attacks on 3 ships. And, what to know about hantavirus。Good morning. You're reading the Up First newsletter. Subscribe here to get it delivered to your inbox, and listen to the Up First podcast for all the news you n…",255,0.6292941302446587,False
2024-05-25,Washington Post: Justice Samuel Alito’s wife said upside-down American flag was ‘an international signal of distress’ in 2021。Supreme Court Justice Samuel Alito’s wife previously said the inverted American flag flown at the couple’s house i…,54,2022-12-07,Mother frets her own daughter is 'bad for the earth' in Washington Post analysis piece - NewsBreak。Related A marriage between a Democrat and a Republican was put under so much stress from the 2020 election that they resorted on writing lett…,255,0.6285183652145483,False
2026-01-07,"Lenovo CEO to Haters: AI Is Inevitable at CES。At the convention here organized by CES in Las Vegas, Lenovo’s top executive, Yang Yuanqing, had a message for anybody skittish about artificial intelligence: “Nobody can avoid it.” The comment…",57,2025-11-14,Anthropic warns of AI-driven hacking campaign linked to China。A team of researchers has uncovered what they say is the first reported use of artificial intelligence to direct a hacking campaign in a largely automated fashion. The AI company…,242,0.749005521859502,False
2026-01-07,"Lenovo CEO to Haters: AI Is Inevitable at CES。At the convention here organized by CES in Las Vegas, Lenovo’s top executive, Yang Yuanqing, had a message for anybody skittish about artificial intelligence: “Nobody can avoid it.” The comment…",57,2025-01-31,"ເຕັກໂນໂລຢີທີ່ຫນ້າປະຫລາດໃຈທີ່ຊ່ວຍປະຢັດສາງຈາກຄວາມຜິດພາດທີ່ມີລາຄາແພງ | HackerNoon。ຈິນຕະນາການດໍາເນີນທຸລະກິດທີ່ຫຍຸ້ງຢູ່ບ່ອນທີ່ມີຄໍາສັ່ງຫຼາຍຮ້ອຍອັນໃນແຕ່ລະມື້, ແລະທີມງານສາງເຮັດວຽກຢ່າງບໍ່ອິດເມື່ອຍເພື່ອສົ່ງພວກມັນອອກໃຫ້ທັນເວລາ. ຢ່າງໃດກໍຕາມ, ການຊອກຫາຫ…",131,0.7274689138342467,False
2026-01-07,"Lenovo CEO to Haters: AI Is Inevitable at CES。At the convention here organized by CES in Las Vegas, Lenovo’s top executive, Yang Yuanqing, had a message for anybody skittish about artificial intelligence: “Nobody can avoid it.” The comment…",57,2023-04-02,"AI will probably affect your job, according to new reports – The Morning Call。Artificial intelligence (AI) is increasingly being integrated into workplaces across various industries, and it is having a significant impact on most jobs. While…",134,0.7227826150898046,False
2026-01-07,"Lenovo CEO to Haters: AI Is Inevitable at CES。At the convention here organized by CES in Las Vegas, Lenovo’s top executive, Yang Yuanqing, had a message for anybody skittish about artificial intelligence: “Nobody can avoid it.” The comment…",57,2025-03-24,AI budgets are still rising. IBM has a ‘massive opportunity.’ | Company Business News。AI budgets are still rising. IBM has a ‘massive opportunity.’ Summary Wedbush Securities’ Daniel Ives added the company to the firm’s Best Ideas List.Wall…,29,0.7203189416071805,False
2026-01-07,"Lenovo CEO to Haters: AI Is Inevitable at CES。At the convention here organized by CES in Las Vegas, Lenovo’s top executive, Yang Yuanqing, had a message for anybody skittish about artificial intelligence: “Nobody can avoid it.” The comment…",57,2024-06-01,"Big Tech develops AI network standard, but without chip market leader Nvidia | Technology News | The Shepherd of the Hills Gazette。Major technology companies including Meta, Microsoft, Advanced Micro Devices and Broadcom announced on Thursd…",57,0.7098647574717736,True
2025-03-03,"Panthers GM Bill Zito fires back at 'bold' takes on Seth Jones trade。The Florida Panthers swung a big deal for Chicago Blackhawks defenseman Seth Jones. They sent a first-round pick and goalie Spencer Knight to the Windy City for Jones, wit…",148,2026-07-09,"Jeff Zrebiec Looks at Where Ravens Are Better, Worse, or About the Same As Last Year | Late for Work。Jeff Zrebiec Looks at Where Ravens Are Better, Worse, or About the Same As Last Year General Manager Eric DeCosta is fond of saying that ga…",148,0.7512039389260792,True
2025-03-03,"Panthers GM Bill Zito fires back at 'bold' takes on Seth Jones trade。The Florida Panthers swung a big deal for Chicago Blackhawks defenseman Seth Jones. They sent a first-round pick and goalie Spencer Knight to the Windy City for Jones, wit…",148,2025-06-25,Hawks rumors: 1 big move Atlanta is targeting after Kristaps Porzingis trade。The Atlanta Hawks made their first offseason move speedily. The Hawks acquired Kristaps Porzingis in a three-team trade that also involved the Boston Celtics and B…,213,0.7202593441472942,False
2025-03-03,"Panthers GM Bill Zito fires back at 'bold' takes on Seth Jones trade。The Florida Panthers swung a big deal for Chicago Blackhawks defenseman Seth Jones. They sent a first-round pick and goalie Spencer Knight to the Windy City for Jones, wit…",148,2024-01-07,"Steelers top Lamar-less Ravens 17-10, will make the playoffs if Buffalo or Jacksonville loses。“Let us be dangerous,” said Heyward, the Pittsburgh defensive tackle. “We have a formula that’s working right now. Hopefully we can get some guys…",148,0.7086770231236923,True
2025-03-03,"Panthers GM Bill Zito fires back at 'bold' takes on Seth Jones trade。The Florida Panthers swung a big deal for Chicago Blackhawks defenseman Seth Jones. They sent a first-round pick and goalie Spencer Knight to the Windy City for Jones, wit…",148,2022-10-03,"Blackhawks notebook: Boris Katchouk injury widens Lukas Reichel’s path to making team - Chicago Sun-Times。MILWAUKEE —It hasn’t come about in a way the Blackhawks would’ve preferred, but Lukas Reichel now has an easier path to make the Hawks…",184,0.7009370903276885,False
2025-03-03,"Panthers GM Bill Zito fires back at 'bold' takes on Seth Jones trade。The Florida Panthers swung a big deal for Chicago Blackhawks defenseman Seth Jones. They sent a first-round pick and goalie Spencer Knight to the Windy City for Jones, wit…",148,2022-11-12,Ira Winderman: Victor Wenbanyama won’t be a Heat game-changer . . . or will he? – The Denver Post。There is no defense played in the NBA draft lottery. And yet with the generational talent of Victor Wenbanyama available in the May 16 drawing…,68,0.6898797300232462,False
2026-01-20,(31 DECEMBER 2018)EUR/USD:Turning down. - Analytics & Forecasts - 2 January 2019 - Traders' Blogs。Pivot (invalidation): 1.1455 Our preference Short positions below 1.1455 with targets at 1.1410 & 1.1390 in extension. Alternative scenario Ab…,177,2024-10-29,"Bank Nifty prediction today – October 29, 2024: Index faces a barrier - The Hindu BusinessLine。Bank Nifty opened today’s session higher at 51,404 versus yesterday’s close of 51,259. The index is now hovering around 51,520, up 0.5 per cent.…",177,0.6511197784873477,True
2026-01-20,(31 DECEMBER 2018)EUR/USD:Turning down. - Analytics & Forecasts - 2 January 2019 - Traders' Blogs。Pivot (invalidation): 1.1455 Our preference Short positions below 1.1455 with targets at 1.1410 & 1.1390 in extension. Alternative scenario Ab…,177,2025-10-18,Buy or sell: Sumeet Bagadia recommends three stocks to buy on Monday — 20 October 2025 | Stock Market News。Buy or sell stocks: The Indian stock market continued the upbeat trend for the third straight session on Friday. The Bank Nifty index…,193,0.6223072635736013,False
2026-01-20,(31 DECEMBER 2018)EUR/USD:Turning down. - Analytics & Forecasts - 2 January 2019 - Traders' Blogs。Pivot (invalidation): 1.1455 Our preference Short positions below 1.1455 with targets at 1.1410 & 1.1390 in extension. Alternative scenario Ab…,177,2022-12-23,"USD/CHF prints mild gains above 0.9300 as traders await Fed’s favorite inflation gauge。- USD/CHF grinds higher after rising the most in a week, lacks upside momentum of late. - US Dollar cheers firmer data, hawkish Fed bets and US President…",58,0.5954049019581344,False
2026-01-20,(31 DECEMBER 2018)EUR/USD:Turning down. - Analytics & Forecasts - 2 January 2019 - Traders' Blogs。Pivot (invalidation): 1.1455 Our preference Short positions below 1.1455 with targets at 1.1410 & 1.1390 in extension. Alternative scenario Ab…,177,2022-11-29,"GBP/USD expected to trade within the 1.1850-1.2080 range - UOB。GBP/USD is now seen navigating the 1.1850-1.2080 range in the next few weeks, suggest Economist Lee Sue Ann and Markets Strategist Quek Ser Leang at UOB Group. Key Quotes 24-hou…",193,0.589782680884148,False
2026-01-20,(31 DECEMBER 2018)EUR/USD:Turning down. - Analytics & Forecasts - 2 January 2019 - Traders' Blogs。Pivot (invalidation): 1.1455 Our preference Short positions below 1.1455 with targets at 1.1410 & 1.1390 in extension. Alternative scenario Ab…,177,2022-12-20,"Editors' Roundtable | Market Down For 3rd Week In A Row!。As investors shy away from markets fearing a recession in the wake of the central bank’s liquidity tightening campaign, Indian indices that showed some resilience on Monday, are back…",193,0.5761058544060227,False
2022-06-28,"Indian shares fall, rupee hits record low as oil prices rebound。Indian shares slipped on Tuesday after three straight sessions of gains, while the rupee fell to a record low, as oil prices rebounded after last week's rout and fanned inflati…",193,2022-11-17,"Dow futures: Cisco and Nvidia edge profits; The intensification of the main recession signal。Dow Jones futures rose early Thursday, along with S&P 500 futures and Nasdaq futures, with the focus on earnings from Nvidia and Cisco. X The stock…",193,0.668969771910009,True
2022-06-28,"Indian shares fall, rupee hits record low as oil prices rebound。Indian shares slipped on Tuesday after three straight sessions of gains, while the rupee fell to a record low, as oil prices rebounded after last week's rout and fanned inflati…",193,2025-10-18,Buy or sell: Sumeet Bagadia recommends three stocks to buy on Monday — 20 October 2025 | Stock Market News。Buy or sell stocks: The Indian stock market continued the upbeat trend for the third straight session on Friday. The Bank Nifty index…,193,0.6280973566776702,True
2022-06-28,"Indian shares fall, rupee hits record low as oil prices rebound。Indian shares slipped on Tuesday after three straight sessions of gains, while the rupee fell to a record low, as oil prices rebounded after last week's rout and fanned inflati…",193,2025-02-25,NMDC share price drops 17% in last 1 year but experts remain bullish on this PSU stock. Here’s why | Stock Market News。NMDC share price has witnessed remarkable volatility in the last few months. Shares of India's largest and state-owned ir…,193,0.6263319627850621,True
2022-06-28,"Indian shares fall, rupee hits record low as oil prices rebound。Indian shares slipped on Tuesday after three straight sessions of gains, while the rupee fell to a record low, as oil prices rebounded after last week's rout and fanned inflati…",193,2022-09-19,"Crude Oil Price Talking Points The price of oil is under pressure after failing to test the monthly high ($90.39), and crude may track the negative slope in the 50-Day SMA ($91.92) as it reverses course ahead of the moving average. Crude Oi…",216,0.625468012410006,False
2022-06-28,"Indian shares fall, rupee hits record low as oil prices rebound。Indian shares slipped on Tuesday after three straight sessions of gains, while the rupee fell to a record low, as oil prices rebounded after last week's rout and fanned inflati…",193,2025-02-08,Borders & Southern Petroleum (LON:BOR) Trading Up 9% – Should You Buy? - Markets Daily。Borders & Southern Petroleum plc (LON:BOR – Get Free Report)’s share price rose 9% during mid-day trading on Wednesday . The stock traded as high as GBX…,193,0.6212540167065418,True
2026-04-23,JCI - Hepatic glutathione depletion ameliorates MASLD through selective protein oxidation and inhibition of lipogenesis。Advertisement Research ArticleCell biologyHepatologyMetabolism Open Access | 10.1172/JCI197556 1Section of Integrative P…,143,2022-07-11,"Lung Cancer Research Foundation Creates Scientific Executive Committee。Committee to Guide Foundation's Research Program NEW YORK, July 11, 2022 /PRNewswire/ -- The Lung Cancer Research Foundation (LCRF) is pleased to announce the appointmen…",143,0.6445738868486579,True
2026-04-23,JCI - Hepatic glutathione depletion ameliorates MASLD through selective protein oxidation and inhibition of lipogenesis。Advertisement Research ArticleCell biologyHepatologyMetabolism Open Access | 10.1172/JCI197556 1Section of Integrative P…,143,2025-09-06,"China Top Protein & Antibody Manufacturer Insights from the 2025 PEGS Boston Summit The 2025 PEGS Boston Summit: A Hub of Biotherapeutic Innovation The PEGS Boston Summit is a premier event for the biopharmaceutical industry, serving as a c…",143,0.5551491635304526,True
2026-04-23,JCI - Hepatic glutathione depletion ameliorates MASLD through selective protein oxidation and inhibition of lipogenesis。Advertisement Research ArticleCell biologyHepatologyMetabolism Open Access | 10.1172/JCI197556 1Section of Integrative P…,143,2022-12-01,"ISHLT Elects New Board Members and Professional Community Leaders。CHICAGO, Dec. 1, 2022 /PRNewswire/ -- The International Society for Heart and Lung Transplantation (ISHLT) has announced the results of the 2022 member election for the 2023…",211,0.5432244004019666,False
2026-04-23,JCI - Hepatic glutathione depletion ameliorates MASLD through selective protein oxidation and inhibition of lipogenesis。Advertisement Research ArticleCell biologyHepatologyMetabolism Open Access | 10.1172/JCI197556 1Section of Integrative P…,143,2022-02-07,"Accuray to Participate in the BTIG MedTech, Digital Health, Life Science &amp; Diagnostic Tools Conference。SUNNYVALE, Calif., Feb. 7, 2022 /PRNewswire/ -- Accuray Incorporated (NASDAQ: ARAY) announced today its participation in the virtual…",189,0.47664028907456,False
2026-04-23,JCI - Hepatic glutathione depletion ameliorates MASLD through selective protein oxidation and inhibition of lipogenesis。Advertisement Research ArticleCell biologyHepatologyMetabolism Open Access | 10.1172/JCI197556 1Section of Integrative P…,143,2024-12-30,促进医药产业创新发展--健康·生活--人民网。（人民时评） 促进医药产业创新发展 申少铁 近日，国家药监局批准4款创新医疗器械上市。今年以来，共有65个创新医疗器械获批上市，其中包括医用机器人、医学影像设备等多款高端医疗器械。这些创新产品的上市，为相关疾病治疗提供有效手段，更提升了医药创新水平。 近年来，人们更加重视生命质量和健康。医学的进步让更多疾病的原理被认识，许多过去的“怪病”、大病也能够开展有效治疗。庞大的市场需求，呼唤医药企业加大研发投入，推出更多创新医药产品。 习…,143,0.46671961475707757,True
2025-01-06,"LeBron James News: Will play Sunday | RotoWire。LeBron James News: Will play Sunday James (foot) is available for Sunday's game against the Rockets, Jovan Buha of The Athletic reports. As expected, James and Anthony Davis (ankle) have both b…",68,2025-03-23,"Boston Celtics Injury Report Against Trail Blazers。On Sunday evening, the Boston Celtics and Portland Trail Blazers will face off in Oregon. For the game, the Celtics have announced their injury report. Via The Boston Celtics: ""Injury Repor…",68,0.6297503207896477,True
2025-01-06,"LeBron James News: Will play Sunday | RotoWire。LeBron James News: Will play Sunday James (foot) is available for Sunday's game against the Rockets, Jovan Buha of The Athletic reports. As expected, James and Anthony Davis (ankle) have both b…",68,2026-04-24,"Luke Kennard And Lakers Square Off Against Rockets In Game 3 | FanDuel Research。Luke Kennard and the Los Angeles Lakers play the Houston Rockets Game 3 of the opening round of the NBA playoffs on Friday, April 24. Kennard's points prop was…",68,0.610681369465878,True
2025-01-06,"LeBron James News: Will play Sunday | RotoWire。LeBron James News: Will play Sunday James (foot) is available for Sunday's game against the Rockets, Jovan Buha of The Athletic reports. As expected, James and Anthony Davis (ankle) have both b…",68,2023-03-18,"Smith hits late 3-pointer, Rockets beat Pelicans 114-112 | KRQE News 13。HOUSTON (AP)Rookie Jabari Smith Jr. hit a 3-pointer with less than a second remaining to give the Houston Rockets a 114-112 victory over the New Orleans Pelicans on Fri…",68,0.573243720784191,True
2025-01-06,"LeBron James News: Will play Sunday | RotoWire。LeBron James News: Will play Sunday James (foot) is available for Sunday's game against the Rockets, Jovan Buha of The Athletic reports. As expected, James and Anthony Davis (ankle) have both b…",68,2026-02-25,"Chicago Bulls Injury Update: Sounds Like Anfernee Simons Will Miss More Time。The injuries keep coming for the Chicago Bulls. Following news that Jaden Ivey would sit for at least two weeks with knee soreness, Anfernee Simons was forced to l…",148,0.5693080622857679,False
2025-01-06,"LeBron James News: Will play Sunday | RotoWire。LeBron James News: Will play Sunday James (foot) is available for Sunday's game against the Rockets, Jovan Buha of The Athletic reports. As expected, James and Anthony Davis (ankle) have both b…",68,2023-07-16,"Kobe Brown shows star power for LA Clippers in Summer League with 35-point performance – WANE 15。Kobe Brown thought he deserved to go higher in the NBA draft, and he’s beginning to show why. Brown, the final pick in the first round at No. 3…",144,0.5675954666486335,False
2024-11-18,"Manipur: RSS Slams Merciless Killing Of Hostages, Asks Govt For Swift Resolution。(MENAFN- IANS) Imphal, Nov 18 (IANS) The Rashtriya Swayamsevak Sangh (RSS) on Monday strongly condemned the inhuman, brutal and merciless acts of killing women…",87,2022-05-28,Two killed after minibus plunges into Tawi river in Jammu - Hindustan Times。Two killed after minibus plunges into Tawi river in Jammu A minibus driver and conductor were killed on the spot after their rashly driven vehicle veered off the br…,77,0.7392404058009127,False
2024-11-18,"Manipur: RSS Slams Merciless Killing Of Hostages, Asks Govt For Swift Resolution。(MENAFN- IANS) Imphal, Nov 18 (IANS) The Rashtriya Swayamsevak Sangh (RSS) on Monday strongly condemned the inhuman, brutal and merciless acts of killing women…",87,2025-07-27,"Haridwar Stampede: AAP Slams System Failure After Mansa Devi Tragedy Kills 6 Devotees。The Aam Aadmi Party (AAP) has expressed anguish over the tragic stampede at the Mansa Devi Temple in Haridwar, in which several devotees lost their lives…",77,0.7048391946761949,False
2024-11-18,"Manipur: RSS Slams Merciless Killing Of Hostages, Asks Govt For Swift Resolution。(MENAFN- IANS) Imphal, Nov 18 (IANS) The Rashtriya Swayamsevak Sangh (RSS) on Monday strongly condemned the inhuman, brutal and merciless acts of killing women…",87,2026-01-18,Jamiat President Maulana Mahmood Madani Writes To Bihar CM Nitish Kumar Over Mob Lynching Cases Madani counting incidents of brutality against Muslims in Bihar while demanding justice to the victims. Patna: President of the Jamiat Ulema-e-H…,74,0.691658444842534,False
2024-11-18,"Manipur: RSS Slams Merciless Killing Of Hostages, Asks Govt For Swift Resolution。(MENAFN- IANS) Imphal, Nov 18 (IANS) The Rashtriya Swayamsevak Sangh (RSS) on Monday strongly condemned the inhuman, brutal and merciless acts of killing women…",87,2021-08-14,"One FC man martyred, two injured in terrorist attack in Balochistan。Saturday Aug 14, 2021 RAWALPINDI: A Frontier Corps (FC) personnel was martyred and two others injured when terrorists attacked their vehicle in Balochistan’s Loralai, the I…",224,0.6805501813873047,False
2024-11-18,"Manipur: RSS Slams Merciless Killing Of Hostages, Asks Govt For Swift Resolution。(MENAFN- IANS) Imphal, Nov 18 (IANS) The Rashtriya Swayamsevak Sangh (RSS) on Monday strongly condemned the inhuman, brutal and merciless acts of killing women…",87,2026-07-07,"Did Siya Goyal Research the Raja Raghuvanshi Case?。Key Points: AS THE KETAN AGARWAL MURDER CASE continues to progress, new updates keep emerging. On July 3, 2026, both Siya Goyal (20) and Chetan Chaudhary (22), who are co-accused in the all…",69,0.6746004854451452,False
2025-03-15,"Executive Chair At HubSpot Exercises Options Worth $61K | Nasdaq。In a new SEC filing on March 13, it was revealed that Halligan, Executive Chair at HubSpot (NYSE:HUBS), executed a significant exercise of company stock options. What Happened…",161,2024-05-01,"Analysts Issue Forecasts for Alphabet Inc.’s Q2 2024 Earnings (NASDAQ:GOOG) - Markets Daily。Alphabet Inc. (NASDAQ:GOOG – Free Report) – Wedbush lifted their Q2 2024 EPS estimates for shares of Alphabet in a report issued on Thursday, April…",150,0.7219170163420727,False
2025-03-15,"Executive Chair At HubSpot Exercises Options Worth $61K | Nasdaq。In a new SEC filing on March 13, it was revealed that Halligan, Executive Chair at HubSpot (NYSE:HUBS), executed a significant exercise of company stock options. What Happened…",161,2023-04-01,"Does FMC Corporation (FMC) Stock Really Excited You? | BOVNews。Redburn raised the price target for the FMC Corporation (NYSE:FMC) stock from “a Neutral” to “a Buy”. The rating was released on March 17, 2023, according to finviz. The researc…",193,0.706014436106059,False
2025-03-15,"Executive Chair At HubSpot Exercises Options Worth $61K | Nasdaq。In a new SEC filing on March 13, it was revealed that Halligan, Executive Chair at HubSpot (NYSE:HUBS), executed a significant exercise of company stock options. What Happened…",161,2023-05-11,"Investors Heavily Search Procter & Gamble Company (The) (PG): Here is What You Need to Know | Nasdaq。Procter & Gamble (PG) has been one of the most searched-for stocks on Zacks.com lately. So, you might want to look at some of the facts tha…",193,0.6928622276691105,False
2025-03-15,"Executive Chair At HubSpot Exercises Options Worth $61K | Nasdaq。In a new SEC filing on March 13, it was revealed that Halligan, Executive Chair at HubSpot (NYSE:HUBS), executed a significant exercise of company stock options. What Happened…",161,2024-02-09,"NIKE, Inc. Plans Quarterly Dividend of $0.37 (NYSE:NKE) - Markets Daily。NIKE, Inc. (NYSE:NKE – Get Free Report) declared a quarterly dividend on Thursday, February 8th, RTT News reports. Shareholders of record on Monday, March 4th will be g…",150,0.6867267609529377,False
2025-03-15,"Executive Chair At HubSpot Exercises Options Worth $61K | Nasdaq。In a new SEC filing on March 13, it was revealed that Halligan, Executive Chair at HubSpot (NYSE:HUBS), executed a significant exercise of company stock options. What Happened…",161,2022-10-15,"Commonwealth Equity Services LLC Has $1.52 Million Stake in NetApp, Inc. (NASDAQ:NTAP) - The AM Reporter。Commonwealth Equity Services LLC grew its holdings in shares of NetApp, Inc. (NASDAQ:NTAP – Get Rating) by 14.2% in the 2nd quarter, ac…",150,0.6837149199903652,False
2025-08-26,Hojlund available to face Grimsby despite rumours of Man Utd exit。MANCHESTER UNITED BOSS Ruben Amorim says Rasmus Hojlund is available to face Grimsby in the Carabao Cup despite seemingly heading for the Old Trafford exit. Hojlund was absen…,36,2023-06-26,"Football Transfer Live Updates: Man United Approach Rabiot, Barcelona Want Palhinha - News18。Live now Manchester United have reportedly contacted the agent of French midfielder Adrien Rabiot whose contract with Italian giants Juventus expir…",36,0.7586397229210629,True
2025-08-26,Hojlund available to face Grimsby despite rumours of Man Utd exit。MANCHESTER UNITED BOSS Ruben Amorim says Rasmus Hojlund is available to face Grimsby in the Carabao Cup despite seemingly heading for the Old Trafford exit. Hojlund was absen…,36,2022-10-28,Erik ten Hag faces first public detractor as Cristiano Ronaldo theory debunked by team-mate - Mirror Online。Diogo Dalot has become the first Manchester United player to publicly disagree with Erik ten Hag's use of Cristiano Ronaldo. The Por…,36,0.7494471593347217,True
2025-08-26,Hojlund available to face Grimsby despite rumours of Man Utd exit。MANCHESTER UNITED BOSS Ruben Amorim says Rasmus Hojlund is available to face Grimsby in the Carabao Cup despite seemingly heading for the Old Trafford exit. Hojlund was absen…,36,2022-07-31,"Nunez scores as Liverpool wins Community Shield | WSYR。LEICESTER, England (AP) — Darwin Nunez shaded Erling Haaland in their first matchup by scoring Liverpool’s final goal as they beat Manchester City 3-1 in the Community Shield on Saturda…",160,0.7316591213037071,False
2025-08-26,Hojlund available to face Grimsby despite rumours of Man Utd exit。MANCHESTER UNITED BOSS Ruben Amorim says Rasmus Hojlund is available to face Grimsby in the Carabao Cup despite seemingly heading for the Old Trafford exit. Hojlund was absen…,36,2022-05-14,Chelsea ratings: Marcos Alonso impresses in FA Cup final but Romelu Lukaku offers nothing in Wembley defeat。LIVERPOOL lifted the FA Cup after beating Chelsea on penalties at Wembley for the second time this season. After normal time and ext…,160,0.7261462856597295,False
2025-08-26,Hojlund available to face Grimsby despite rumours of Man Utd exit。MANCHESTER UNITED BOSS Ruben Amorim says Rasmus Hojlund is available to face Grimsby in the Carabao Cup despite seemingly heading for the Old Trafford exit. Hojlund was absen…,36,2022-10-08,"Haaland scores again as Man City rolls; Chelsea beats Wolves。Haaland has been in such prolific form that going without a goal for more than 60 minutes is enough to raise eyebrows these days. His teammates were happy to fill the void, though…",160,0.7238904032252247,False
2023-03-23,"My Top TSX Growth Stock for April 2023 | The Motley Fool Canada。Park Lawn (TSX:PLC) is a Toronto-based company that owns and operates cemeteries, crematoriums, and funeral homes in Canada and the United States. Today, I want to discuss why…",60,2023-05-23,"R3 Global Dividend Growth ETF Plans Dividend of $0.15 (NYSEARCA:GDVD) - Community Financial News。R3 Global Dividend Growth ETF (NYSEARCA:GDVD – Get Rating) declared a dividend on Monday, May 22nd, NASDAQ reports. Investors of record on Wedn…",182,0.6571161892832764,False
2023-03-23,"My Top TSX Growth Stock for April 2023 | The Motley Fool Canada。Park Lawn (TSX:PLC) is a Toronto-based company that owns and operates cemeteries, crematoriums, and funeral homes in Canada and the United States. Today, I want to discuss why…",60,2025-03-06,"Descartes Systems Group Reports Record Income from Operations for Fiscal Year 2025 | Nasdaq。Descartes Systems Group reports record operational income and revenue growth for fiscal year 2025, highlighting strong global logistics performance.…",60,0.648913516821658,True
2023-03-23,"My Top TSX Growth Stock for April 2023 | The Motley Fool Canada。Park Lawn (TSX:PLC) is a Toronto-based company that owns and operates cemeteries, crematoriums, and funeral homes in Canada and the United States. Today, I want to discuss why…",60,2025-08-26,"LifeStance Health Group, Inc. (LFST) Stock Analysis: Strong Buy Ratings Point To 56% Upside Potential。LifeStance Health Group, Inc. (NASDAQ: LFST) is making waves in the healthcare sector, specifically within the medical care facilities ind…",243,0.6363450098595316,False
2023-03-23,"My Top TSX Growth Stock for April 2023 | The Motley Fool Canada。Park Lawn (TSX:PLC) is a Toronto-based company that owns and operates cemeteries, crematoriums, and funeral homes in Canada and the United States. Today, I want to discuss why…",60,2025-02-12,"Ceragon Networks (CRNT) Q4 Earnings Lag Estimates | Nasdaq。Ceragon Networks (CRNT) came out with quarterly earnings of $0.09 per share, missing the Zacks Consensus Estimate of $0.10 per share. This compares to earnings of $0.04 per share a…",31,0.6208231843263754,False
2023-03-23,"My Top TSX Growth Stock for April 2023 | The Motley Fool Canada。Park Lawn (TSX:PLC) is a Toronto-based company that owns and operates cemeteries, crematoriums, and funeral homes in Canada and the United States. Today, I want to discuss why…",60,2025-12-17,"Q4 EPS Estimates for Lands’ End Reduced by Small Cap Consu - Ticker Report。Lands’ End, Inc. (NASDAQ:LE – Free Report) – Research analysts at Small Cap Consu cut their Q4 2026 earnings per share estimates for Lands’ End in a research note is…",182,0.6186449400727023,False
2024-03-09,"PM Modi unveils infra projects worth Rs 4,500 cr in northern West Bengal | India News - Business Standard。Prime Minister Narendra Modi unveiled infrastructure projects worth more than Rs 4,500 crore in northern West Bengal on Saturday. The…",133,2023-10-02,"Gas Pipeline, LPG Plant, IIIT Kota Campus: PM Modi Announces Big Gifts For Rajasthan Ahead of Assembly Polls PM Modi said the development of Rajasthan is a big priority for his government, which has focused on building modern infrastructure…",133,0.8128411858993883,True
2024-03-09,"PM Modi unveils infra projects worth Rs 4,500 cr in northern West Bengal | India News - Business Standard。Prime Minister Narendra Modi unveiled infrastructure projects worth more than Rs 4,500 crore in northern West Bengal on Saturday. The…",133,2023-12-03,"Trains see cancellations, diversions - The Hindu。Due to railway related works between Vasco-da-Gama-Majorda stations, it has been decided to extend the cancellation of Train Nos. 07379/07380 Vasco da Gama-Kulem-Vasco da Gama DEMU Special tr…",229,0.67850769744472,False
2024-03-09,"PM Modi unveils infra projects worth Rs 4,500 cr in northern West Bengal | India News - Business Standard。Prime Minister Narendra Modi unveiled infrastructure projects worth more than Rs 4,500 crore in northern West Bengal on Saturday. The…",133,2024-09-30,"Telangana Govt plans to roll out 500 electric buses in state。Karimnagar: The state government will launch 500 electric buses across the state in the first phase to improve the efficiency of the Road Transport Corporation (RTC), said transpo…",133,0.6339206955424181,True
2024-03-09,"PM Modi unveils infra projects worth Rs 4,500 cr in northern West Bengal | India News - Business Standard。Prime Minister Narendra Modi unveiled infrastructure projects worth more than Rs 4,500 crore in northern West Bengal on Saturday. The…",133,2025-08-19,"Tejashwi Yadav backs Rahul Gandhi as next PM; BJP dismisses claim | India News - Times Now。India News 'Rahul Gandhi Will be Next PM,' Tejashwi Tells Bihar Crowd; BJP Mocks Claim as 'Mungeri Lal's Daydreams' Speaking at a rally in Nawada dur…",248,0.5732347222540574,False
2024-03-09,"PM Modi unveils infra projects worth Rs 4,500 cr in northern West Bengal | India News - Business Standard。Prime Minister Narendra Modi unveiled infrastructure projects worth more than Rs 4,500 crore in northern West Bengal on Saturday. The…",133,2022-08-22,"Kalyan Singh: The Pillar Of Ram Mandir Movement - The Hills Times。By: Er. Prabhat Kishore The country witnessed two major movements in the early Nineties, one the Mandal and other the Kamandal (i.e. Ram Mandir) Movement. Overall, the Mandal…",74,0.5732047502203491,False
2026-04-25,"One last dance: Portugal’s Bruno Fernandes wants World Cup glory for Ronaldo’s farewell | Malay Mail。LONDON, April 25 — Portugal midfielder Bruno Fernandes expressed hope that he and his teammates can help crown Cristiano Ronaldo’s internat…",80,2026-07-06,"Portugal's updated FIFA ranking before 2026 World Cup clash with Spain - World Soccer Talk。Portugal entered the 2026 World Cup as one of the clear top contenders, but their performances have fallen short of expectations. In a highly competi…",80,0.7654119977865399,True
2026-04-25,"One last dance: Portugal’s Bruno Fernandes wants World Cup glory for Ronaldo’s farewell | Malay Mail。LONDON, April 25 — Portugal midfielder Bruno Fernandes expressed hope that he and his teammates can help crown Cristiano Ronaldo’s internat…",80,2022-10-28,Erik ten Hag faces first public detractor as Cristiano Ronaldo theory debunked by team-mate - Mirror Online。Diogo Dalot has become the first Manchester United player to publicly disagree with Erik ten Hag's use of Cristiano Ronaldo. The Por…,36,0.7062271127095772,False
2026-04-25,"One last dance: Portugal’s Bruno Fernandes wants World Cup glory for Ronaldo’s farewell | Malay Mail。LONDON, April 25 — Portugal midfielder Bruno Fernandes expressed hope that he and his teammates can help crown Cristiano Ronaldo’s internat…",80,2022-12-15,Why is Morocco MAR at FIFA World Cup? Explaining the tricode used for African country at Qatar 2022 - NewsBreak。Related Sporting News Lionel Messi and Julian Alvarez fired Argentina to a place in the World Cup final with a dominant 3-0 semi…,80,0.7057629750944441,True
2026-04-25,"One last dance: Portugal’s Bruno Fernandes wants World Cup glory for Ronaldo’s farewell | Malay Mail。LONDON, April 25 — Portugal midfielder Bruno Fernandes expressed hope that he and his teammates can help crown Cristiano Ronaldo’s internat…",80,2024-01-16,"Black Princesses move closer to U-20 World Cup spot - Graphic Online。Black Princesses move closer to U-20 World Cup spot Head coach of the Black Princesses, Yusif Basigi, says the dream to qualify for the 2024 FIFA Women’s World Cup in Colo…",121,0.6749748958914339,False
2026-04-25,"One last dance: Portugal’s Bruno Fernandes wants World Cup glory for Ronaldo’s farewell | Malay Mail。LONDON, April 25 — Portugal midfielder Bruno Fernandes expressed hope that he and his teammates can help crown Cristiano Ronaldo’s internat…",80,2024-01-22,"Pedro Gonçalves defines tactical plan for the game with Burkina Faso - World Today Journal。The coach of the national team said this Saturday, 21st, in Bouaké, that he has a well-defined tactical plan for the game with Burkina Faso, next Tue…",121,0.6701005154734379,False
2024-06-09,T20 World Cup: India and Pakistan fans bring the party to the USA - News | Khaleej Times。India and Pakistan cricket fans gathered in New York in their thousands on Sunday for the T20 World Cup clash between the two nations bringing a flavou…,138,2025-09-28,Asia Cup 2025 - Salman Agha has no issues with Pakistan quicks' aggression on ground | ESPNcricinfo。Danyal Rasool is ESPNcricinfo's Pakistan correspondent. @Danny61000 There is no sign that Pakistan's fast bowlers will rein in the aggressio…,138,0.666216996265878,True
2024-06-09,T20 World Cup: India and Pakistan fans bring the party to the USA - News | Khaleej Times。India and Pakistan cricket fans gathered in New York in their thousands on Sunday for the T20 World Cup clash between the two nations bringing a flavou…,138,2022-05-26,City's Maclaren rallies Victorian fans for A-League decider。Socceroos and Melbourne City striker Jamie Maclaren has issued a rallying cry to supporters ahead of the A-League Men's grand final. Jamie Maclaren has cheekily called on Melbourne…,122,0.6384779220217636,False
2024-06-09,T20 World Cup: India and Pakistan fans bring the party to the USA - News | Khaleej Times。India and Pakistan cricket fans gathered in New York in their thousands on Sunday for the T20 World Cup clash between the two nations bringing a flavou…,138,2025-03-07,"IND vs NZ: Sunil Gavaskar pinpoints India’s weak points before Champions Trophy final; ‘clearly, there’s a shortcoming’ | Mint。Get Instant Loan up to ₹10 Lakh! India might have been the only unbeaten team in the ICC Champions Trophy 2025 so…",138,0.6320407741741826,True
2024-06-09,T20 World Cup: India and Pakistan fans bring the party to the USA - News | Khaleej Times。India and Pakistan cricket fans gathered in New York in their thousands on Sunday for the T20 World Cup clash between the two nations bringing a flavou…,138,2024-03-09,'Can't believe…': Waugh blasts Alastair Cook for ‘England aren’t robots' defence | Cricket - Hindustan Times。'Can't believe I'm hearing this': Mark Waugh blasts Alastair Cook for 'England aren't robots' defence as Bazball crushed Mark Waugh…,122,0.6317926269610046,False
2024-06-09,T20 World Cup: India and Pakistan fans bring the party to the USA - News | Khaleej Times。India and Pakistan cricket fans gathered in New York in their thousands on Sunday for the T20 World Cup clash between the two nations bringing a flavou…,138,2025-02-09,"Kohli returns as India wins toss and bats in 2nd ODI against England - KSTP.com 5 Eyewitness News。Kohli returns as India wins toss and bats in 2nd ODI against England CUTTACK, India (AP) — Virat Kohli has returned from a knee injury as Engl…",138,0.6312606722547507,True
2023-05-17,"MLB Probable Starting Pitchers Tonight: May 17。MLB Probable Starting Pitchers Tonight: Wednesday, May 17 As we approach Wednesday's MLB slate, let's take a look at the probable starters for each game. One of the day's most exciting matchups…",23,2022-06-11,"Andre Pallante St. Louis Cardinals Cincinnati Reds - TSN.ca。ST. LOUIS (AP) — Andre Pallante took a shutout into the sixth inning in his second major league start, helping the St. Louis Cardinals snap a three-game skid with a 2-0 win over th…",8,0.6708314480764969,False
2023-05-17,"MLB Probable Starting Pitchers Tonight: May 17。MLB Probable Starting Pitchers Tonight: Wednesday, May 17 As we approach Wednesday's MLB slate, let's take a look at the probable starters for each game. One of the day's most exciting matchups…",23,2023-07-08,"Sean Murphy homers as MLB-best Braves edge AL-best... | Daily Mail Online。Sean Murphy homers as MLB-best Braves edge AL-best Rays, 2-1 ST. PETERSBURG, Fla. (AP) - Sean Murphy hit a two-run homer and the red-hot Atlanta Braves began a series…",8,0.655060370318149,False
2023-05-17,"MLB Probable Starting Pitchers Tonight: May 17。MLB Probable Starting Pitchers Tonight: Wednesday, May 17 As we approach Wednesday's MLB slate, let's take a look at the probable starters for each game. One of the day's most exciting matchups…",23,2023-03-22,"World Baseball Classic Odds: USA-Japan prediction, pick, how to watch。It is the finals of the World Baseball Classic! The United States goes for their second straight crown after winning in 2017, led by Trea Turner and Nolan Arenado. Japan…",23,0.6505811483584691,True
2023-05-17,"MLB Probable Starting Pitchers Tonight: May 17。MLB Probable Starting Pitchers Tonight: Wednesday, May 17 As we approach Wednesday's MLB slate, let's take a look at the probable starters for each game. One of the day's most exciting matchups…",23,2023-11-09,"Will Matt Nieto Score a Goal Against the Kings on November 9? In the upcoming contest against the Los Angeles Kings, which starts at 10:30 PM ET on Thursday, can we count on Matt Nieto to find the back of the net for the Pittsburgh Penguins…",1,0.6492021263453558,False
2023-05-17,"MLB Probable Starting Pitchers Tonight: May 17。MLB Probable Starting Pitchers Tonight: Wednesday, May 17 As we approach Wednesday's MLB slate, let's take a look at the probable starters for each game. One of the day's most exciting matchups…",23,2024-03-29,"Kyle Muller's scoreless relief outing - Yahoo Sports。The Dodgers would love for us to move on from the Shohei Ohtani and Ippei Mizuhara gambling allegations, but there are still too many questions. With the MLB season starting with Opening…",23,0.6490832839849522,True
2021-09-11,"Nolte: Ryan Murphy's 'American Crime Story: Impeachment' Miniseries Tanks | CauseACTION Clarion。“The Ryan Murphy FX series about Monica Lewinsky and Bill Clinton failed to score 1 million viewers on Tuesday night,” reports Roger Friedman. “…",235,2024-04-12,"'Civil War' is a doomsday thought experiment — that could have used more thinking | Ideastream Public Media。Releasing a movie called Civil War in this election year is certainly one way to grab headlines. Surprisingly, though, Alex Garland'…",235,0.6753800436296149,True
2021-09-11,"Nolte: Ryan Murphy's 'American Crime Story: Impeachment' Miniseries Tanks | CauseACTION Clarion。“The Ryan Murphy FX series about Monica Lewinsky and Bill Clinton failed to score 1 million viewers on Tuesday night,” reports Roger Friedman. “…",235,2026-05-12,"Kevin Hart's Roast Delivered Doses Of Racist Barbs (Op-Ed)。In the three-hour live roast of Kevin Hart aired by Netflix on Sunday, the inclusion of Shane Gillis as the host seemed like a Hail Mary move to go viral. In the midst, Kevin Hart g…",38,0.6465165515702063,False
2021-09-11,"Nolte: Ryan Murphy's 'American Crime Story: Impeachment' Miniseries Tanks | CauseACTION Clarion。“The Ryan Murphy FX series about Monica Lewinsky and Bill Clinton failed to score 1 million viewers on Tuesday night,” reports Roger Friedman. “…",235,2024-06-27,"WATCH: Tucker Carlson Absolutely ROASTS an Australian 'Journo' on the Barbie – Twitchy。Love him or hate him, but you, dear readers, are going to LOVE this clip of Tucker Carlson laying absolute waste to an Australian 'journalist' who asked…",38,0.6384874441852321,False
2021-09-11,"Nolte: Ryan Murphy's 'American Crime Story: Impeachment' Miniseries Tanks | CauseACTION Clarion。“The Ryan Murphy FX series about Monica Lewinsky and Bill Clinton failed to score 1 million viewers on Tuesday night,” reports Roger Friedman. “…",235,2026-03-09,"BLACK WATCH: (3.6.26) ‘Paradise' Season 2 & More。How is it already March? After a solid Black History Month, and despite the world turmoil thanks to your know who, March is coming through with plenty of must-see TV. CassiusLife’s latest Bla…",55,0.6310099518816821,False
2021-09-11,"Nolte: Ryan Murphy's 'American Crime Story: Impeachment' Miniseries Tanks | CauseACTION Clarion。“The Ryan Murphy FX series about Monica Lewinsky and Bill Clinton failed to score 1 million viewers on Tuesday night,” reports Roger Friedman. “…",235,2024-01-15,"Emmys finally arrive for a changed Hollywood, as ‘Succession’ and ‘Last of Us’ vie for top awards | Yourbasin。LOS ANGELES (AP) — The time has finally come for a most unusual Emmys. The 75th Primetime Emmy Awards are arriving four months pas…",114,0.630639569924994,False
2021-12-10,"PAOK, on the other hand, strolled to an easy 2-0 result at home against semi-professional Lincoln Red Imps and finished runner-up in its group to make the knockout stages of a European competition for the first time in five years. The Thess…",160,2023-06-21,"Under-21 EURO preview: All Thursday's opening games including France vs Italy, Czechia vs England, Germany vs Israel | Under-21 | UEFA.com。Article summary The opening games in Groups C and D at the 2023 finals in Georgia and Romania take pl…",121,0.7084259817627858,False
2021-12-10,"PAOK, on the other hand, strolled to an easy 2-0 result at home against semi-professional Lincoln Red Imps and finished runner-up in its group to make the knockout stages of a European competition for the first time in five years. The Thess…",160,2023-01-04,"Tennis roundup: Daniil Medvedev breezes to victory | Fieldlevel | mdjonline.com。Third-seeded Daniil Medvedev of Russia coasted to a 6-0, 6-3 win over Miomir Kecmanovic of Serbia on Wednesday in the second round of the Adelaide International…",186,0.6835684431073901,False
2021-12-10,"PAOK, on the other hand, strolled to an easy 2-0 result at home against semi-professional Lincoln Red Imps and finished runner-up in its group to make the knockout stages of a European competition for the first time in five years. The Thess…",160,2022-10-08,"Haaland scores again as Man City rolls; Chelsea beats Wolves。Haaland has been in such prolific form that going without a goal for more than 60 minutes is enough to raise eyebrows these days. His teammates were happy to fill the void, though…",160,0.6833443171840567,True
2021-12-10,"PAOK, on the other hand, strolled to an easy 2-0 result at home against semi-professional Lincoln Red Imps and finished runner-up in its group to make the knockout stages of a European competition for the first time in five years. The Thess…",160,2022-05-14,Chelsea ratings: Marcos Alonso impresses in FA Cup final but Romelu Lukaku offers nothing in Wembley defeat。LIVERPOOL lifted the FA Cup after beating Chelsea on penalties at Wembley for the second time this season. After normal time and ext…,160,0.6794959087645159,True
2021-12-10,"PAOK, on the other hand, strolled to an easy 2-0 result at home against semi-professional Lincoln Red Imps and finished runner-up in its group to make the knockout stages of a European competition for the first time in five years. The Thess…",160,2023-11-08,Man Utd throw away lead twice after Rashford red in damaging Copenhagen defeat | Shropshire Star。Man Utd throw away lead twice after Rashford red in damaging Copenhagen defeat United’s 4-3 defeat in Denmark leaves them bottom of their Champ…,160,0.6766302937642981,True
2023-04-06,"Ascent Named to Newsweek's Most Trustworthy Companies in America 2023 List。BELLEVILLE, Mich., April 6, 2023 /PRNewswire/ -- Ascent, a leading global logistics company, has been recognized on Newsweek's list of Most Trustworthy Companies in…",11,2022-06-24,"JDC Group Named as One of Atlanta's Best and Brightest Companies to Work For。Annual list by National Association for Business Resources recognizes companies with the most innovative business and HR practices ATLANTA, June 24, 2022 /PRNewswi…",11,0.6122111033681175,True
2023-04-06,"Ascent Named to Newsweek's Most Trustworthy Companies in America 2023 List。BELLEVILLE, Mich., April 6, 2023 /PRNewswire/ -- Ascent, a leading global logistics company, has been recognized on Newsweek's list of Most Trustworthy Companies in…",11,2022-02-01,"ReviewRight Protect™ by HaystackID® Named to The National Law Journal's 2022 Legal Technology Trailblazers List。WASHINGTON, Feb. 1, 2022 /PRNewswire/ -- HaystackID, a specialized eDiscovery services firm supporting law firms and corporate l…",242,0.577084398535432,False
2023-04-06,"Ascent Named to Newsweek's Most Trustworthy Companies in America 2023 List。BELLEVILLE, Mich., April 6, 2023 /PRNewswire/ -- Ascent, a leading global logistics company, has been recognized on Newsweek's list of Most Trustworthy Companies in…",11,2024-02-08,"Echostor Named To Channel Insider's Hybrid Solutions Provider 250 List | MENAFN.COM。(MENAFN- PR Newswire) Regional expansion, rapid growth, and increased focus on networking and security services creating new momentum for tech solutions pro…",57,0.5579937765918936,False
2023-04-06,"Ascent Named to Newsweek's Most Trustworthy Companies in America 2023 List。BELLEVILLE, Mich., April 6, 2023 /PRNewswire/ -- Ascent, a leading global logistics company, has been recognized on Newsweek's list of Most Trustworthy Companies in…",11,2025-05-27,Validea's Top Consumer Discretionary Stocks Based On Peter Lynch - 5/27/2025 | Nasdaq。The following are the top rated Consumer Discretionary stocks according to Validea's P/E/Growth Investor model based on the published strategy of Peter Ly…,42,0.5570860827986461,False
2023-04-06,"Ascent Named to Newsweek's Most Trustworthy Companies in America 2023 List。BELLEVILLE, Mich., April 6, 2023 /PRNewswire/ -- Ascent, a leading global logistics company, has been recognized on Newsweek's list of Most Trustworthy Companies in…",11,2021-11-23,"2021 Affiliate Tracking Software Market | Statistical Analysis, Size, Share, and Forecast to 2027 By Key Players: QualityUnit, Tipalti, LeadDyno – Clark County Blog。“ United States, –In this study, we have uploaded a latest industry analysi…",168,0.5567701648232615,False
2024-05-09,ppr pipe size chart - Keski。Hot Item Popular Ppr Pipe Size Chart Plastic Tubes Of Plumbing Series . All Types Of Ppr Pipe Fittings Full Size Chart Ppr Pipe Buy Ppr Pipe Specification Ppr Pipe Size Chart All Types Of Ppr Pipe Fittings Produc…,204,2024-05-18,honest diapers weight chart - Keski。Honest Diaper Size Chart Honest Diapers Diaper Size Chart . Baby Diapers Honest Diapers Cloth Diaper Pattern Free . 40 Competent Honest Diaper Size Chart . Diaper Size And Weight Chart Guide Baby Weight C…,219,0.4894799188788266,False
2024-05-09,ppr pipe size chart - Keski。Hot Item Popular Ppr Pipe Size Chart Plastic Tubes Of Plumbing Series . All Types Of Ppr Pipe Fittings Full Size Chart Ppr Pipe Buy Ppr Pipe Specification Ppr Pipe Size Chart All Types Of Ppr Pipe Fittings Produc…,204,2023-12-06,"Fish Tank Ph Level Chart: A Visual Reference of Charts | Chart Master。Fish Tank Ph Level Chart is a topic that can benefit from charts. Charts are visual aids that help you display and understand data, patterns, or trends. They can be used…",129,0.4640160484165131,False
2024-05-09,ppr pipe size chart - Keski。Hot Item Popular Ppr Pipe Size Chart Plastic Tubes Of Plumbing Series . All Types Of Ppr Pipe Fittings Full Size Chart Ppr Pipe Buy Ppr Pipe Specification Ppr Pipe Size Chart All Types Of Ppr Pipe Fittings Produc…,204,2023-11-14,homebrew carbonation chart - Laman。Pin On Brew It Yourself Biy . Force Carbonation Chart Beer Brewing Home Brewing Beer . Pin On Liqueur Brews Home Made . Beer Carbonation Guide Getting It Just Right . Pin On Wine . Force Carbonation Charts…,219,0.45849342265300497,False
2024-05-09,ppr pipe size chart - Keski。Hot Item Popular Ppr Pipe Size Chart Plastic Tubes Of Plumbing Series . All Types Of Ppr Pipe Fittings Full Size Chart Ppr Pipe Buy Ppr Pipe Specification Ppr Pipe Size Chart All Types Of Ppr Pipe Fittings Produc…,204,2023-12-26,"Full Chart Paper Size: A Visual Reference of Charts | Chart Master。Full Chart Paper Size is a topic that can benefit from charts. Charts are visual aids that help you display and understand data, patterns, or trends. They can be used for va…",183,0.41176783357414815,False
2024-05-09,ppr pipe size chart - Keski。Hot Item Popular Ppr Pipe Size Chart Plastic Tubes Of Plumbing Series . All Types Of Ppr Pipe Fittings Full Size Chart Ppr Pipe Buy Ppr Pipe Specification Ppr Pipe Size Chart All Types Of Ppr Pipe Fittings Produc…,204,2024-04-24,Types Of Hops Chart - Minga。hops chart visualizing bitterness flavors aromas of Charts Brewgeeks Worlds Best Beer And Food Pairing Chart Tap Trail. Types Of Hops Chart How To Be A Beer Snob In One Simple Chart Business Insider. Types Of Hop…,219,0.4064278931620269,False
2026-02-18,"Alan Jackson is a Granddaddy again! – K92.3。Alan Jackson’s oldest daughter Mattie is Mama times two! She and husband Conner welcomed Charlotte “Charlie” Ann Smith last Friday, coming in at 6 lbs, 8 oz and 20 inches long. She joins big broth…",203,2022-07-07,"Kris Jenner Says She Would ‘Never Judge’ Her Family for Kids Out of Wedlock – NBC Boston。Kris Jenner is not one to judge. During a recent podcast interview, the Kardashian matriarch was asked how she feels about her daughters having childre…",64,0.5659945013883694,False
2026-02-18,"Alan Jackson is a Granddaddy again! – K92.3。Alan Jackson’s oldest daughter Mattie is Mama times two! She and husband Conner welcomed Charlotte “Charlie” Ann Smith last Friday, coming in at 6 lbs, 8 oz and 20 inches long. She joins big broth…",203,2021-09-15,Long Lost Family in show first as viewer comes forward with life-changing information about missing brother。LONG Lost Family had a show first after a viewer came forward with life-changing information about a missing brother. Last night saw…,203,0.5637090208032391,True
2026-02-18,"Alan Jackson is a Granddaddy again! – K92.3。Alan Jackson’s oldest daughter Mattie is Mama times two! She and husband Conner welcomed Charlotte “Charlie” Ann Smith last Friday, coming in at 6 lbs, 8 oz and 20 inches long. She joins big broth…",203,2023-09-13,"Adam Thomas facts: Age, height and TV career - Heart。Adam Thomas facts: Age, height and TV career 13 September 2023, 12:25 The Waterloo Road actor continues to dominate our screens but who is he? And what do we need to know about him? Here'…",38,0.5611401820466118,False
2026-02-18,"Alan Jackson is a Granddaddy again! – K92.3。Alan Jackson’s oldest daughter Mattie is Mama times two! She and husband Conner welcomed Charlotte “Charlie” Ann Smith last Friday, coming in at 6 lbs, 8 oz and 20 inches long. She joins big broth…",203,2024-06-21,"Two and a Half Men - S4 Ep. 18 - Network Ten。Not a member? Create your free account now After realising that Jake's childhood is almost over, Alan makes a last-minute try at father-son bonding. Meanwhile, Kandi embarks on a new career.",203,0.5469376486925482,True
2026-02-18,"Alan Jackson is a Granddaddy again! – K92.3。Alan Jackson’s oldest daughter Mattie is Mama times two! She and husband Conner welcomed Charlotte “Charlie” Ann Smith last Friday, coming in at 6 lbs, 8 oz and 20 inches long. She joins big broth…",203,2022-04-29,Liverpool FC fans asked to pay tribute to young dad who died suddenly - Liverpool Echo。The heartbroken wife of a lifelong Liverpool fan has called on fellow supporters to pay tribute to him at the game against Newcastle United on Saturday.…,64,0.5270850109300789,False
2022-03-11,Jussie Smollett Says 'I Am Not Suicidal' at Least 8 Times After Jail Sentence。Jussie Smollett repeatedly insisted he was innocent and “not suicidal” after he was sentenced Thursday to 150 days in jail for lying to police about a racist and…,179,2022-03-11,"Jussie Smollett Sentenced to 150 Days in Jail For False Police Report - E! Online。Jussie Smollett has finally learned his fate. The former Empire actor was sentenced to 150 days in a county jail on Thursday, March 10, for filing a false pol…",179,0.866359578578186,True
2022-03-11,Jussie Smollett Says 'I Am Not Suicidal' at Least 8 Times After Jail Sentence。Jussie Smollett repeatedly insisted he was innocent and “not suicidal” after he was sentenced Thursday to 150 days in jail for lying to police about a racist and…,179,2022-03-17,Court: Jussie Smollett can leave county jail during appeal CHICAGO (AP) — Jussie Smollett was ordered released from jail Wednesday by an appeals court that agreed with his lawyers that he should be free pending the appeal of his conviction…,179,0.8461248377464499,True
2022-03-11,Jussie Smollett Says 'I Am Not Suicidal' at Least 8 Times After Jail Sentence。Jussie Smollett repeatedly insisted he was innocent and “not suicidal” after he was sentenced Thursday to 150 days in jail for lying to police about a racist and…,179,2022-03-12,"Jussie Smollett starts 150-day jail term in protected status CHICAGO (AP) — Jussie Smollett began a 150-day jail sentence for staging a hate crime against himself in protective custody, separated from other detainees and watched by security…",179,0.8401774301090941,True
2022-03-11,Jussie Smollett Says 'I Am Not Suicidal' at Least 8 Times After Jail Sentence。Jussie Smollett repeatedly insisted he was innocent and “not suicidal” after he was sentenced Thursday to 150 days in jail for lying to police about a racist and…,179,2022-03-17,Court: Jussie Smollett can leave county jail during appeal – Boston Herald。By DON BABWIN and SARA BURNETT CHICAGO — Jussie Smollett was ordered to be released from jail Wednesday by an appeals court that agreed with his lawyers that he shou…,179,0.8361566174649246,True
2022-03-11,Jussie Smollett Says 'I Am Not Suicidal' at Least 8 Times After Jail Sentence。Jussie Smollett repeatedly insisted he was innocent and “not suicidal” after he was sentenced Thursday to 150 days in jail for lying to police about a racist and…,179,2022-03-11,"Jussie Smollett sentenced to 150 days in jail in staged hate crime | EW.com。Jussie Smollett sentenced to 150 days in jail in staged hate crime Empire actor Jussie Smollett has been sentenced to 30 months of felony probation, with the first…",179,0.8325984504442263,True
2021-10-23,Sheffield Wednesday’s surprise decision on Marvin Johnson’s position explained | The Star。Sheffield Wednesday’s surprise decision on Marvin Johnson’s position explained Darren Moore raised a few eyebrows on Saturday afternoon when Marvin Jo…,59,2023-12-05,"Jake Browning steals spotlight as Bengals stun Jaguars 34-31 in OT. Trevor Lawrence injures ankle | Fox 59。JACKSONVILLE, Fla. (AP) — Jake Browning insists his first career start was the real surprise. Everyone else would disagree. Browning…",128,0.7508120048054898,False
2021-10-23,Sheffield Wednesday’s surprise decision on Marvin Johnson’s position explained | The Star。Sheffield Wednesday’s surprise decision on Marvin Johnson’s position explained Darren Moore raised a few eyebrows on Saturday afternoon when Marvin Jo…,59,2024-01-07,"Steelers top Lamar-less Ravens 17-10, will make the playoffs if Buffalo or Jacksonville loses。“Let us be dangerous,” said Heyward, the Pittsburgh defensive tackle. “We have a formula that’s working right now. Hopefully we can get some guys…",148,0.7201729116484019,False
2021-10-23,Sheffield Wednesday’s surprise decision on Marvin Johnson’s position explained | The Star。Sheffield Wednesday’s surprise decision on Marvin Johnson’s position explained Darren Moore raised a few eyebrows on Saturday afternoon when Marvin Jo…,59,2022-08-01,João Pedro strikes to give Watford winning start against Sheffield United | Championship | The Guardian。João Pedro’s second-half goal earned Watford a 1-0 victory over Sheffield United and ensured Rob Edwards’ side made a winning start to l…,160,0.7137261237637709,False
2021-10-23,Sheffield Wednesday’s surprise decision on Marvin Johnson’s position explained | The Star。Sheffield Wednesday’s surprise decision on Marvin Johnson’s position explained Darren Moore raised a few eyebrows on Saturday afternoon when Marvin Jo…,59,2024-01-08,"Jacksonville Jaguars eliminated from playoff race in 28-20 loss to Tennessee Titans。NASHVILLE, Tenn. (AP) — Trevor Lawrence called his own number on fourth-and-goal at the 1, stretching the ball out with the right arm that had him questiona…",20,0.7121083517435558,False
2021-10-23,Sheffield Wednesday’s surprise decision on Marvin Johnson’s position explained | The Star。Sheffield Wednesday’s surprise decision on Marvin Johnson’s position explained Darren Moore raised a few eyebrows on Saturday afternoon when Marvin Jo…,59,2025-03-30,"Harry McKay a chance to return for Carlton after playing in VFL scratch match | 7NEWS。Carlton spearhead Harry McKay is in the frame to return for Thursday night’s blockbuster against Collingwood. McKay, who missed the Round 2 clash against…",59,0.7045674609481944,True
2022-06-07,Porter County police seeking man in public indecency case | Crime and Courts | nwitimes.com。VALPARAISO — Porter County police are seeking help locating a 39-year-old man sought in connection with public indecency and domestic battery crimin…,181,2023-02-06,"30-year sentence for Harvey man who shot and killed ex-girlfriend's mother - NewsBreak。- New Orleans Saints Make Major New AdditionOnlyHomers - What is the maximum length of a Conex box?ShaunMurfeeyNew Orleans, LA - The richest person in Ne…",94,0.6725823694786535,False
2022-06-07,Porter County police seeking man in public indecency case | Crime and Courts | nwitimes.com。VALPARAISO — Porter County police are seeking help locating a 39-year-old man sought in connection with public indecency and domestic battery crimin…,181,2022-07-28,"Million-dollar bonds, multiple warrants issued for Lake Jackson homicide case。LAKE JACKSON, Texas — Homicide warrants were issued to multiple people over the murder of a Lake Jackson resident. The Lake Jackson Police Department reported Tue…",94,0.6508940073266782,False
2022-06-07,Porter County police seeking man in public indecency case | Crime and Courts | nwitimes.com。VALPARAISO — Porter County police are seeking help locating a 39-year-old man sought in connection with public indecency and domestic battery crimin…,181,2023-11-22,"Florence County deputies look for missing man who may have mental health issues | WBTW。FLORENCE COUNTY, S.C. (WBTW) — The Florence County Sheriff’s Office is looking for a man missing since Sunday night who may have mental health issues. Th…",165,0.624079227292068,False
2022-06-07,Porter County police seeking man in public indecency case | Crime and Courts | nwitimes.com。VALPARAISO — Porter County police are seeking help locating a 39-year-old man sought in connection with public indecency and domestic battery crimin…,181,2021-09-13,"Warton child abuse offences lead to Golborne company director jailed for 17 years | Blackpool Gazette。Warton child abuse offences lead to Golborne company director jailed for 17 years A paedophile has been jailed for 17 years, with a one ye…",102,0.623141433255491,False
2022-06-07,Porter County police seeking man in public indecency case | Crime and Courts | nwitimes.com。VALPARAISO — Porter County police are seeking help locating a 39-year-old man sought in connection with public indecency and domestic battery crimin…,181,2023-05-26,Who Is Andrew Bankhead? Ex-Cop Who Killed Cornelius McGee。Former Mississippi police officer Andrew Bankhead has been identified through social media as the man who shot and killed 15-year-old Cornelius McGee Jr. while he was running away af…,94,0.6117617769251275,False
2024-10-15,Tellor (TRB) Hits 24 Hour Trading Volume of $31.83 Million - Markets Daily。Tellor (TRB) traded 6.6% higher against the U.S. dollar during the 1-day period ending at 21:00 PM Eastern on October 14th. One Tellor token can now be bought for ab…,240,2022-05-25,Lith Token (LITH) Market Cap Reaches $4.33 Million - WKRB News。Lith Token (LITH) traded up 12.9% against the U.S. dollar during the twenty-four hour period ending at 0:00 AM Eastern on May 24th. One Lith Token coin can currently be bought f…,240,0.8301869913940517,True
2024-10-15,Tellor (TRB) Hits 24 Hour Trading Volume of $31.83 Million - Markets Daily。Tellor (TRB) traded 6.6% higher against the U.S. dollar during the 1-day period ending at 21:00 PM Eastern on October 14th. One Tellor token can now be bought for ab…,240,2022-04-03,"Hord Market Capitalization Achieves $5.37 Million (HORD) - ETF Daily News。Hord (HORD) traded 1.1% lower against the dollar during the one day period ending at 21:00 PM E.T. on April 2nd. Over the last week, Hord has traded up 18.9% against…",240,0.8191608358529132,True
2024-10-15,Tellor (TRB) Hits 24 Hour Trading Volume of $31.83 Million - Markets Daily。Tellor (TRB) traded 6.6% higher against the U.S. dollar during the 1-day period ending at 21:00 PM Eastern on October 14th. One Tellor token can now be bought for ab…,240,2024-01-12,"Wrapped Bitcoin (WBTC) Price Tops $46,030.70 - The AM Reporter。Wrapped Bitcoin (WBTC) traded 2.2% lower against the US dollar during the 24 hour period ending at 7:00 AM E.T. on January 12th. In the last seven days, Wrapped Bitcoin has trad…",240,0.8183359476098075,True
2024-10-15,Tellor (TRB) Hits 24 Hour Trading Volume of $31.83 Million - Markets Daily。Tellor (TRB) traded 6.6% higher against the U.S. dollar during the 1-day period ending at 21:00 PM Eastern on October 14th. One Tellor token can now be bought for ab…,240,2023-07-18,"Crypto.com Coin Market Capitalization Achieves $29.98 Million (CRO) - WKRB News。Crypto.com Coin (CRO) traded 1% higher against the U.S. dollar during the 1 day period ending at 22:00 PM ET on July 17th. In the last week, Crypto.com Coin has…",172,0.815298005105108,False
2024-10-15,Tellor (TRB) Hits 24 Hour Trading Volume of $31.83 Million - Markets Daily。Tellor (TRB) traded 6.6% higher against the U.S. dollar during the 1-day period ending at 21:00 PM Eastern on October 14th. One Tellor token can now be bought for ab…,240,2023-09-30,Revain (REV) Price Down 2.7% Over Last 7 Days - Community Financial News。Revain (REV) traded 1.6% higher against the U.S. dollar during the twenty-four hour period ending at 16:00 PM Eastern on September 30th. One Revain token can currently…,240,0.8124748821630586,True
2026-03-15,黃淑蔓重提「W大胸小三」指控 經歷不愉快感情唔再戀愛腦 | am730。黃淑蔓(Feanna)曾兩次創下叱咤樂壇流行榜紀錄；2015年14歲時，電影主題曲《差一點我們會飛》，令她成為史上最年輕的叱咤樂壇生力軍銅獎得主；到2019年18歲時，再憑首張專輯內的一首 《Dream My Dreams》成為最年輕的「專業推介 叱咤十大」歌手。然而，之後她決定赴英留學3年，至今暫與叱咤獎無緣。黃淑蔓為近日推出的第二張個人專輯《growth》接受雷霆881商業一台《星光背後》專訪，坦言專…,245,2023-02-09,The Grammys | GRAMMY.com。Photo: Robyn Beck/AFP via Getty Images video GRAMMY Rewind: Cardi B Gets Sentimental As She Accepts Her GRAMMY Award For Best Rap Album In 2019 Revisit Cardi B's emotional speech after she won her first-ever GRAMMY…,151,0.6546870336671179,False
2026-03-15,黃淑蔓重提「W大胸小三」指控 經歷不愉快感情唔再戀愛腦 | am730。黃淑蔓(Feanna)曾兩次創下叱咤樂壇流行榜紀錄；2015年14歲時，電影主題曲《差一點我們會飛》，令她成為史上最年輕的叱咤樂壇生力軍銅獎得主；到2019年18歲時，再憑首張專輯內的一首 《Dream My Dreams》成為最年輕的「專業推介 叱咤十大」歌手。然而，之後她決定赴英留學3年，至今暫與叱咤獎無緣。黃淑蔓為近日推出的第二張個人專輯《growth》接受雷霆881商業一台《星光背後》專訪，坦言專…,245,2024-08-05,"Katy Perry reveals her lookalike daughter Daisy's expensive taste in rare photo | HELLO!。Katy Perry is continuing to share droplets from her ongoing vacation through Europe with fiancé Orlando Bloom, daughter Daisy Dove Bloom, and other fri…",125,0.64253068829218,False
2026-03-15,黃淑蔓重提「W大胸小三」指控 經歷不愉快感情唔再戀愛腦 | am730。黃淑蔓(Feanna)曾兩次創下叱咤樂壇流行榜紀錄；2015年14歲時，電影主題曲《差一點我們會飛》，令她成為史上最年輕的叱咤樂壇生力軍銅獎得主；到2019年18歲時，再憑首張專輯內的一首 《Dream My Dreams》成為最年輕的「專業推介 叱咤十大」歌手。然而，之後她決定赴英留學3年，至今暫與叱咤獎無緣。黃淑蔓為近日推出的第二張個人專輯《growth》接受雷霆881商業一台《星光背後》專訪，坦言專…,245,2025-01-02,曾比特新一年望搵番下顎線 挑戰魏浚笙顏值｜即時新聞｜繽FUN星網｜on.cc東網。曾比特新一年望搵番下顎線 挑戰魏浚笙顏值 2025年01月02日 20:01 歌手曾比特立心求變，2025年誇下海口無論髮型、身形和音樂上會做多種不同嘗試，加入樂壇不經不覺踏入第5個年度，直言好想有個小改變，爆炸頭髮型一向是他的大標誌，對於髮型上如何變髮？他笑言：「要賣關子先，因為仲未諗到，可以試吓變，依家大家記得曾比特就係爆炸頭，可能我剃咗爆炸頭就唔記得我？好希望可以記得我。」 由去年11月起…,232,0.6262955654938358,False
2026-03-15,黃淑蔓重提「W大胸小三」指控 經歷不愉快感情唔再戀愛腦 | am730。黃淑蔓(Feanna)曾兩次創下叱咤樂壇流行榜紀錄；2015年14歲時，電影主題曲《差一點我們會飛》，令她成為史上最年輕的叱咤樂壇生力軍銅獎得主；到2019年18歲時，再憑首張專輯內的一首 《Dream My Dreams》成為最年輕的「專業推介 叱咤十大」歌手。然而，之後她決定赴英留學3年，至今暫與叱咤獎無緣。黃淑蔓為近日推出的第二張個人專輯《growth》接受雷霆881商業一台《星光背後》專訪，坦言專…,245,2024-04-19,51歲鄭秀文驚爆是「高齡產婦」深夜貼文解畫：親愛的歌迷們 不用疑問了 | am730。51歲天后鄭秀文（Sammi）上年確診新冠肺炎病癒，早前現身金像獎頒獎典禮擔任頒獎嘉賓，狀態大勇。近來，Sammi 積極為七月的演唱會備戰，日前她在社交網分享了一條綵排的片段，並透露自己年紀大，記舞步方便亦比較慢，有網民留言送上鼓勵表示：「記唔到，跳少d..見到你就夠！」怎料，Sammi 的回覆語出驚人：「真體貼我這位高齡產婦人士！」嚇窒一眾粉絲 Sammi 的回應惹起熱議，網民紛紛留言討論…,245,0.6238115297975786,True
2026-03-15,黃淑蔓重提「W大胸小三」指控 經歷不愉快感情唔再戀愛腦 | am730。黃淑蔓(Feanna)曾兩次創下叱咤樂壇流行榜紀錄；2015年14歲時，電影主題曲《差一點我們會飛》，令她成為史上最年輕的叱咤樂壇生力軍銅獎得主；到2019年18歲時，再憑首張專輯內的一首 《Dream My Dreams》成為最年輕的「專業推介 叱咤十大」歌手。然而，之後她決定赴英留學3年，至今暫與叱咤獎無緣。黃淑蔓為近日推出的第二張個人專輯《growth》接受雷霆881商業一台《星光背後》專訪，坦言專…,245,2021-11-18,"Inside Britney Spears's plans for her new freedom: from hopes of a baby girl to cutting off family from her £45m fortune。FINALLY free, Britney Spears has been busy making up for lost time. The 39-year-old singer was last Friday handed back…",39,0.6215497069239266,False
2024-10-17,'Expedite SLBC tunnel works': Telangana Minister Uttam。HYDERABAD: Irrigation Minister N Uttam Kumar Reddy on Wednesday directed the officials to expedite the Srisailam Left Bank Canal (SLBC) tunnel works on a war footing and to ensure that…,215,2026-07-07,"Boro moving forward with almost $1 million, 85% grant-funded study of Little Lott's Creek - Statesboro Herald。The city of Statesboro is set to move forward with a hydrologic and hydraulic study of the Little Lott’s Creek basin, by accepting…",35,0.6099379424068095,False
2024-10-17,'Expedite SLBC tunnel works': Telangana Minister Uttam。HYDERABAD: Irrigation Minister N Uttam Kumar Reddy on Wednesday directed the officials to expedite the Srisailam Left Bank Canal (SLBC) tunnel works on a war footing and to ensure that…,215,2025-08-24,"Odisha CM conducts aerial survey of flood-hit districts, extends free kitchen facility by week。Bhubaneswar, Jul 30 (PTI) Odisha Chief Minister Mohan Charan Majhi on Wednesday announced the extension of free kitchen facilities for flood-affe…",215,0.5988233282149525,True
2024-10-17,'Expedite SLBC tunnel works': Telangana Minister Uttam。HYDERABAD: Irrigation Minister N Uttam Kumar Reddy on Wednesday directed the officials to expedite the Srisailam Left Bank Canal (SLBC) tunnel works on a war footing and to ensure that…,215,2021-09-04,Progress on Wet’suwet’en rights and title slower than parties would have liked – Cloverdale Reporter。British Columbia’s minister of Indigenous relations and reconciliation says the progress on a memorandum of understanding signed last year…,145,0.5959578787333287,False
2024-10-17,'Expedite SLBC tunnel works': Telangana Minister Uttam。HYDERABAD: Irrigation Minister N Uttam Kumar Reddy on Wednesday directed the officials to expedite the Srisailam Left Bank Canal (SLBC) tunnel works on a war footing and to ensure that…,215,2023-04-11,Texas residents wait and watch as a sinkhole in their town grows。Getting swallowed up by the gaping maw of the ground beneath one's feet is the stuff of nightmares. And it is what's happening — again — in the small Texas town of Daisetta. A…,215,0.5928191904682546,True
2024-10-17,'Expedite SLBC tunnel works': Telangana Minister Uttam。HYDERABAD: Irrigation Minister N Uttam Kumar Reddy on Wednesday directed the officials to expedite the Srisailam Left Bank Canal (SLBC) tunnel works on a war footing and to ensure that…,215,2021-11-06,TN Minister inspects Mullaperiyar Dam following Kerala's concerns about its safety | Headlines。TN Minister inspects Mullaperiyar Dam following Kerala's concerns about its safety Tamil Nadu Water Resources Minister Durai Murugan inspected Mu…,215,0.5775086350611671,True
2025-05-17,Listen Why John Bolton thinks Trump lost Syria for lifting penalties - ExBulletin。John Bolton's former Trump's national security advisor thinks that President Donald Trump was very fast to lift sanctions against Syria after meeting the Pres…,130,2025-05-17,"Zelensky says Putin 'feared' ceasefire to come to Turkey - ExBulletin。Vladimir Putin Russian president Volodymyr Zelensky or Vladimir Putin did not participate in peace talks after days of confusion. At a meeting in Albania, Zelensky said P…",130,0.9654028385012129,True
2025-05-17,Listen Why John Bolton thinks Trump lost Syria for lifting penalties - ExBulletin。John Bolton's former Trump's national security advisor thinks that President Donald Trump was very fast to lift sanctions against Syria after meeting the Pres…,130,2025-04-18,Two small studies show how stem cells can help treat Parkinson's disease - ExBulletin。Two new studies suggest that stem cells are closer to helping people with Parkinson's disease. The result is a victory for scientists who have spent decad…,130,0.9635919764957032,True
2025-05-17,Listen Why John Bolton thinks Trump lost Syria for lifting penalties - ExBulletin。John Bolton's former Trump's national security advisor thinks that President Donald Trump was very fast to lift sanctions against Syria after meeting the Pres…,130,2025-05-17,"Firefighters give emotional expression - ExBulletin。Two firefighters and public affiliate killed in a large fire in a former RAF base of Oxfordshire, now it's a business park.[Harpidetu: [Subscribe: https://bit.ly/c4_news_subscribe] The fir…",130,0.9337713064341298,True
2025-05-17,Listen Why John Bolton thinks Trump lost Syria for lifting penalties - ExBulletin。John Bolton's former Trump's national security advisor thinks that President Donald Trump was very fast to lift sanctions against Syria after meeting the Pres…,130,2022-12-24,"Toronto store in operation since 1985 closes - ExBulletin。A store that has been in business for nearly 40 years in Toronto is closing, with a large “store closing” sign in the window. LaManna fashion for men at2223 Queen St. E. currently ha…",130,0.9169011663513265,True
2025-05-17,Listen Why John Bolton thinks Trump lost Syria for lifting penalties - ExBulletin。John Bolton's former Trump's national security advisor thinks that President Donald Trump was very fast to lift sanctions against Syria after meeting the Pres…,130,2023-01-29,"Boris Johnson's taxpayer-funded publicity trip to Ukraine: his latest scandal - ExBulletin。Last weekend, Rishi Sunak failed to wear his seat belt in the back seat of a moving vehicle, an offense punishable by a $125 fine. In doing so, he be…",130,0.9074223872630718,True
2026-05-03,Turkey Cracks Down on May Day — What Africa Must Learn | panapress.org。Turkish police detained more than 500 demonstrators during May Day rallies across Turkey. The crackdown targeted workers in Istanbul and Ankara who demanded better wages…,214,2024-04-01,"In a setback to Turkey's Erdogan, opposition makes huge gains in local election。ANKARA, Turkey — Turkey's main opposition party retained its control over key cities and made huge gains elsewhere in Sunday's local elections, in a major upset…",230,0.681148506785697,False
2026-05-03,Turkey Cracks Down on May Day — What Africa Must Learn | panapress.org。Turkish police detained more than 500 demonstrators during May Day rallies across Turkey. The crackdown targeted workers in Istanbul and Ankara who demanded better wages…,214,2023-10-05,"Some 50 European leaders are to stress their support for Ukraine at a meeting in Spain – KIRO 7 News Seattle。GRANADA, Spain — (AP) — Some 50 European leaders are gathering in southern Spain's Granada on Thursday to stress they that they sta…",208,0.6287972098858903,False
2026-05-03,Turkey Cracks Down on May Day — What Africa Must Learn | panapress.org。Turkish police detained more than 500 demonstrators during May Day rallies across Turkey. The crackdown targeted workers in Istanbul and Ankara who demanded better wages…,214,2024-07-28,"Erdogan, Assad To Hold Meeting Next Month: Report - Iran Front Page。The Turkish-language daily newspaper Türkiye, citing government sources, reported on Saturday that the two heads of state will likely meet sometime in August at the Yaylada…",45,0.6011333077192951,False
2026-05-03,Turkey Cracks Down on May Day — What Africa Must Learn | panapress.org。Turkish police detained more than 500 demonstrators during May Day rallies across Turkey. The crackdown targeted workers in Istanbul and Ankara who demanded better wages…,214,2023-09-22,"EU Commission Prepares to Recommend Ukraine Membership Talks。(Bloomberg) -- The European Union’s executive arm is preparing to recommend starting membership talks with Ukraine in earnest, offering a boost to Kyiv as it seeks to ensure that…",208,0.5860898198014759,False
2026-05-03,Turkey Cracks Down on May Day — What Africa Must Learn | panapress.org。Turkish police detained more than 500 demonstrators during May Day rallies across Turkey. The crackdown targeted workers in Istanbul and Ankara who demanded better wages…,214,2021-09-12,"Turkey talks with UN over returning Syrian refugees。ISTANBUL (AP) — Turkey is working with the UN’s refugee agency to repatriate Syrians to their home country, the Turkish foreign minister said Sunday. His comments are at odds with the UNHC…",225,0.5796599225714926,False
